#
# There is insufficient memory for the Java Runtime Environment to continue.
# Native memory allocation (malloc) failed to allocate 1050576 bytes for Chunk::new
# Possible reasons:
#   The system is out of physical RAM or swap space
#   The process is running with CompressedOops enabled, and the Java Heap may be blocking the growth of the native heap
# Possible solutions:
#   Reduce memory load on the system
#   Increase physical memory or swap space
#   Check if swap backing store is full
#   Decrease Java heap size (-Xmx/-Xms)
#   Decrease number of Java threads
#   Decrease Java thread stack sizes (-Xss)
#   Set larger code cache with -XX:ReservedCodeCacheSize=
#   JVM is running with Zero Based Compressed Oops mode in which the Java heap is
#     placed in the first 32GB address space. The Java Heap base address is the
#     maximum limit for the native heap growth. Please use -XX:HeapBaseMinAddress
#     to set the Java Heap base and to place the Java Heap above 32GB virtual address.
# This output file may be truncated or incomplete.
#
#  Out of Memory Error (arena.cpp:189), pid=14256, tid=49852
#
# JRE version: Java(TM) SE Runtime Environment (17.0.10+11) (build 17.0.10+11-LTS-240)
# Java VM: Java HotSpot(TM) 64-Bit Server VM (17.0.10+11-LTS-240, mixed mode, sharing, tiered, compressed oops, compressed class ptrs, g1 gc, windows-amd64)
# No core dump will be written. Minidumps are not enabled by default on client versions of Windows
#

---------------  S U M M A R Y ------------

Command Line: --add-opens=java.base/java.util=ALL-UNNAMED --add-opens=java.base/java.lang=ALL-UNNAMED --add-opens=java.base/java.lang.invoke=ALL-UNNAMED --add-opens=java.prefs/java.util.prefs=ALL-UNNAMED --add-opens=java.base/java.nio.charset=ALL-UNNAMED --add-opens=java.base/java.net=ALL-UNNAMED --add-opens=java.base/java.util.concurrent.atomic=ALL-UNNAMED -Xmx3G -Dfile.encoding=windows-1252 -Duser.country=US -Duser.language=en -Duser.variant -javaagent:C:\Gradle\lib\agents\gradle-instrumentation-agent-8.7.jar org.gradle.launcher.daemon.bootstrap.GradleDaemon 8.7

Host: 12th Gen Intel(R) Core(TM) i7-12650H, 16 cores, 15G,  Windows 11 , 64 bit Build 22621 (10.0.22621.5415)
Time: Mon Jul 20 20:15:14 2026 Central Daylight Time elapsed time: 104.854158 seconds (0d 0h 1m 44s)

---------------  T H R E A D  ---------------

Current thread (0x000001a1283fb310):  JavaThread "C2 CompilerThread0" daemon [_thread_in_native, id=49852, stack(0x0000001270700000,0x0000001270800000)]


Current CompileTask:
C2: 104854 21303       4       org.gradle.api.internal.tasks.compile.incremental.serialization.HierarchicalNameSerializer::readName (51 bytes)

Stack: [0x0000001270700000,0x0000001270800000]
Native frames: (J=compiled Java code, j=interpreted, Vv=VM code, C=native code)
V  [jvm.dll+0x677a5a]
V  [jvm.dll+0x7d8b2d]
V  [jvm.dll+0x7da48e]
V  [jvm.dll+0x7daaf3]
V  [jvm.dll+0x2455ff]
V  [jvm.dll+0xaaafb]
V  [jvm.dll+0xab09c]
V  [jvm.dll+0x2aafef]
V  [jvm.dll+0x57fd55]
V  [jvm.dll+0x220472]
V  [jvm.dll+0x22084f]
V  [jvm.dll+0x2197a6]
V  [jvm.dll+0x216c79]
V  [jvm.dll+0x1a3410]
V  [jvm.dll+0x226aeb]
V  [jvm.dll+0x224cab]
V  [jvm.dll+0x78e45c]
V  [jvm.dll+0x78888a]
V  [jvm.dll+0x676935]
C  [ucrtbase.dll+0x29333]
C  [KERNEL32.DLL+0x1259d]
C  [ntdll.dll+0x5af78]


---------------  P R O C E S S  ---------------

Threads class SMR info:
_java_thread_list=0x000001a16ea73350, length=146, elements={
0x000001a107110cb0, 0x000001a1283dc1d0, 0x000001a1283dcf60, 0x000001a1283f5710,
0x000001a1283f64a0, 0x000001a1283f9d90, 0x000001a1283fa660, 0x000001a1283fb310,
0x000001a1283fe490, 0x000001a128512dd0, 0x000001a1285e56f0, 0x000001a128795a30,
0x000001a1701a2ee0, 0x000001a16f35ca00, 0x000001a17036c6b0, 0x000001a17079e930,
0x000001a1707a0890, 0x000001a16fbc18f0, 0x000001a16fbbffa0, 0x000001a16fbc1e00,
0x000001a16fbc2820, 0x000001a16fbc2d30, 0x000001a16fbc09c0, 0x000001a16fbc0ed0,
0x000001a16fbc13e0, 0x000001a16fbc3750, 0x000001a16fbc2310, 0x000001a16fbc04b0,
0x000001a17244ada0, 0x000001a172449960, 0x000001a17244d110, 0x000001a172449450,
0x000001a17244cc00, 0x000001a17244f990, 0x000001a172449e70, 0x000001a172448f40,
0x000001a17244fea0, 0x000001a17244c6f0, 0x000001a17244d620, 0x000001a1724503b0,
0x000001a17244ef70, 0x000001a1724508c0, 0x000001a17244a890, 0x000001a17244b7c0,
0x000001a17244db30, 0x000001a17244e040, 0x000001a17244c1e0, 0x000001a17244ea60,
0x000001a17244a380, 0x000001a17244b2b0, 0x000001a17244bcd0, 0x000001a1733f3af0,
0x000001a1733fa030, 0x000001a1733f6d90, 0x000001a1733fa540, 0x000001a1733f5950,
0x000001a1733f4000, 0x000001a1733f72a0, 0x000001a1733f30d0, 0x000001a1733f4a20,
0x000001a1733faa50, 0x000001a1733f5e60, 0x000001a1733f6370, 0x000001a1733f35e0,
0x000001a1733f9b20, 0x000001a1733f4510, 0x000001a1733f6880, 0x000001a1733f4f30,
0x000001a1733f5440, 0x000001a1733f77b0, 0x000001a1733f86e0, 0x000001a1733f9100,
0x000001a1762217a0, 0x000001a17621d0c0, 0x000001a17621e500, 0x000001a17621f940,
0x000001a17621ef20, 0x000001a17621dae0, 0x000001a17621cbb0, 0x000001a17621ea10,
0x000001a17621fe50, 0x000001a17621dff0, 0x000001a176220870, 0x000001a176220d80,
0x000001a1762221c0, 0x000001a17621d5d0, 0x000001a176221290, 0x000001a17621ad50,
0x000001a17621b260, 0x000001a17621b770, 0x000001a17621c6a0, 0x000001a174ad47a0,
0x000001a174ad5be0, 0x000001a174ad56d0, 0x000001a174ad7020, 0x000001a174ad2940,
0x000001a174ad7a40, 0x000001a174ad60f0, 0x000001a174ad8970, 0x000001a174ad1f20,
0x000001a174ad7530, 0x000001a174ad2e50, 0x000001a174ad6600, 0x000001a174ad2430,
0x000001a174ad7f50, 0x000001a174ad3360, 0x000001a174ad8e80, 0x000001a174ad4290,
0x000001a174ad6b10, 0x000001a174ad8460, 0x000001a174ad1a10, 0x000001a174ad9390,
0x000001a174ad3870, 0x000001a174ad3d80, 0x000001a174ad4cb0, 0x000001a174ad51c0,
0x000001a1759d9dd0, 0x000001a1759db210, 0x000001a1759dd580, 0x000001a1759d8ea0,
0x000001a1759d7550, 0x000001a1759dda90, 0x000001a1759d7a60, 0x000001a1759d7040,
0x000001a1759dad00, 0x000001a1759ddfa0, 0x000001a1759da7f0, 0x000001a175be7360,
0x000001a175be1840, 0x000001a175be7d80, 0x000001a175be91c0, 0x000001a175be40c0,
0x000001a175be3190, 0x000001a175be4ff0, 0x000001a175be8290, 0x000001a175be5500,
0x000001a175be87a0, 0x000001a1759da2e0, 0x000001a1759de4b0, 0x000001a1759d7f70,
0x000001a1759dbc30, 0x000001a1759dc650, 0x000001a1759dcb60, 0x000001a1759dd070,
0x000001a17621f430, 0x000001a17621bc80
}

Java Threads: ( => current thread )
  0x000001a107110cb0 JavaThread "main" [_thread_blocked, id=42964, stack(0x000000126fa00000,0x000000126fb00000)]
  0x000001a1283dc1d0 JavaThread "Reference Handler" daemon [_thread_blocked, id=51648, stack(0x0000001270100000,0x0000001270200000)]
  0x000001a1283dcf60 JavaThread "Finalizer" daemon [_thread_blocked, id=57392, stack(0x0000001270200000,0x0000001270300000)]
  0x000001a1283f5710 JavaThread "Signal Dispatcher" daemon [_thread_blocked, id=55104, stack(0x0000001270300000,0x0000001270400000)]
  0x000001a1283f64a0 JavaThread "Attach Listener" daemon [_thread_blocked, id=42116, stack(0x0000001270400000,0x0000001270500000)]
  0x000001a1283f9d90 JavaThread "Service Thread" daemon [_thread_blocked, id=25756, stack(0x0000001270500000,0x0000001270600000)]
  0x000001a1283fa660 JavaThread "Monitor Deflation Thread" daemon [_thread_blocked, id=52532, stack(0x0000001270600000,0x0000001270700000)]
=>0x000001a1283fb310 JavaThread "C2 CompilerThread0" daemon [_thread_in_native, id=49852, stack(0x0000001270700000,0x0000001270800000)]
  0x000001a1283fe490 JavaThread "C1 CompilerThread0" daemon [_thread_blocked, id=29264, stack(0x0000001270800000,0x0000001270900000)]
  0x000001a128512dd0 JavaThread "Sweeper thread" daemon [_thread_blocked, id=48880, stack(0x0000001270900000,0x0000001270a00000)]
  0x000001a1285e56f0 JavaThread "Common-Cleaner" daemon [_thread_blocked, id=24688, stack(0x0000001270a00000,0x0000001270b00000)]
  0x000001a128795a30 JavaThread "Notification Thread" daemon [_thread_blocked, id=28960, stack(0x0000001270f00000,0x0000001271000000)]
  0x000001a1701a2ee0 JavaThread "Daemon health stats" [_thread_blocked, id=57644, stack(0x0000001271700000,0x0000001271800000)]
  0x000001a16f35ca00 JavaThread "Incoming local TCP Connector on port 53167" [_thread_in_native, id=44748, stack(0x0000001271800000,0x0000001271900000)]
  0x000001a17036c6b0 JavaThread "Daemon periodic checks" [_thread_blocked, id=28400, stack(0x0000001271900000,0x0000001271a00000)]
  0x000001a17079e930 JavaThread "Daemon" [_thread_blocked, id=16760, stack(0x0000001271a00000,0x0000001271b00000)]
  0x000001a1707a0890 JavaThread "Handler for socket connection from /127.0.0.1:53167 to /127.0.0.1:53168" [_thread_in_native, id=25132, stack(0x0000001271b00000,0x0000001271c00000)]
  0x000001a16fbc18f0 JavaThread "Cancel handler" [_thread_blocked, id=15724, stack(0x0000001271c00000,0x0000001271d00000)]
  0x000001a16fbbffa0 JavaThread "Daemon worker" [_thread_in_Java, id=51444, stack(0x0000001271d00000,0x0000001271e00000)]
  0x000001a16fbc1e00 JavaThread "Asynchronous log dispatcher for DefaultDaemonConnection: socket connection from /127.0.0.1:53167 to /127.0.0.1:53168" [_thread_blocked, id=50772, stack(0x0000001271e00000,0x0000001271f00000)]
  0x000001a16fbc2820 JavaThread "Stdin handler" [_thread_blocked, id=13240, stack(0x0000001271f00000,0x0000001272000000)]
  0x000001a16fbc2d30 JavaThread "Daemon client event forwarder" [_thread_blocked, id=50908, stack(0x0000001272000000,0x0000001272100000)]
  0x000001a16fbc09c0 JavaThread "Cache worker for journal cache (C:\Users\resis\.gradle\caches\journal-1)" [_thread_blocked, id=5512, stack(0x0000001272100000,0x0000001272200000)]
  0x000001a16fbc0ed0 JavaThread "File lock request listener" [_thread_in_native, id=36244, stack(0x0000001272200000,0x0000001272300000)]
  0x000001a16fbc13e0 JavaThread "Cache worker for file hash cache (C:\Users\resis\.gradle\caches\8.7\fileHashes)" [_thread_blocked, id=42516, stack(0x0000001272300000,0x0000001272400000)]
  0x000001a16fbc3750 JavaThread "Cache worker for file hash cache (D:\Projects\AlphaDarkworld\.gradle\8.7\fileHashes)" [_thread_blocked, id=38536, stack(0x0000001272400000,0x0000001272500000)]
  0x000001a16fbc2310 JavaThread "File watcher server" daemon [_thread_in_native, id=52284, stack(0x0000001272500000,0x0000001272600000)]
  0x000001a16fbc04b0 JavaThread "File watcher consumer" daemon [_thread_blocked, id=27952, stack(0x0000001272600000,0x0000001272700000)]
  0x000001a17244ada0 JavaThread "Cache worker for checksums cache (D:\Projects\AlphaDarkworld\.gradle\8.7\checksums)" [_thread_blocked, id=55020, stack(0x0000001273000000,0x0000001273100000)]
  0x000001a172449960 JavaThread "Cache worker for cache directory md-supplier (C:\Users\resis\.gradle\caches\8.7\md-supplier)" [_thread_blocked, id=55312, stack(0x0000001273100000,0x0000001273200000)]
  0x000001a17244d110 JavaThread "Cache worker for cache directory md-rule (C:\Users\resis\.gradle\caches\8.7\md-rule)" [_thread_blocked, id=36536, stack(0x0000001273200000,0x0000001273300000)]
  0x000001a172449450 JavaThread "Cache worker for file content cache (C:\Users\resis\.gradle\caches\8.7\fileContent)" [_thread_blocked, id=24560, stack(0x0000001273300000,0x0000001273400000)]
  0x000001a17244cc00 JavaThread "jar transforms" [_thread_blocked, id=41032, stack(0x0000001273600000,0x0000001273700000)]
  0x000001a17244f990 JavaThread "Unconstrained build operations" [_thread_blocked, id=14952, stack(0x0000001273700000,0x0000001273800000)]
  0x000001a172449e70 JavaThread "Unconstrained build operations Thread 2" [_thread_blocked, id=32564, stack(0x0000001273800000,0x0000001273900000)]
  0x000001a172448f40 JavaThread "Unconstrained build operations Thread 3" [_thread_blocked, id=18344, stack(0x0000001273900000,0x0000001273a00000)]
  0x000001a17244fea0 JavaThread "Unconstrained build operations Thread 4" [_thread_blocked, id=11940, stack(0x0000001273a00000,0x0000001273b00000)]
  0x000001a17244c6f0 JavaThread "jar transforms Thread 2" [_thread_blocked, id=55720, stack(0x0000001273b00000,0x0000001273c00000)]
  0x000001a17244d620 JavaThread "Cache worker for Build Output Cleanup Cache (D:\Projects\AlphaDarkworld\.gradle\buildOutputCleanup)" [_thread_blocked, id=6416, stack(0x0000001273c00000,0x0000001273d00000)]
  0x000001a1724503b0 JavaThread "jar transforms Thread 3" [_thread_blocked, id=45928, stack(0x0000001273d00000,0x0000001273e00000)]
  0x000001a17244ef70 JavaThread "Unconstrained build operations Thread 5" [_thread_blocked, id=15320, stack(0x0000001273e00000,0x0000001273f00000)]
  0x000001a1724508c0 JavaThread "Unconstrained build operations Thread 6" [_thread_blocked, id=38392, stack(0x0000001273f00000,0x0000001274000000)]
  0x000001a17244a890 JavaThread "Unconstrained build operations Thread 7" [_thread_blocked, id=41164, stack(0x0000001274000000,0x0000001274100000)]
  0x000001a17244b7c0 JavaThread "Unconstrained build operations Thread 8" [_thread_blocked, id=41508, stack(0x0000001274100000,0x0000001274200000)]
  0x000001a17244db30 JavaThread "Unconstrained build operations Thread 9" [_thread_blocked, id=21800, stack(0x0000001274200000,0x0000001274300000)]
  0x000001a17244e040 JavaThread "Unconstrained build operations Thread 10" [_thread_blocked, id=43296, stack(0x0000001274300000,0x0000001274400000)]
  0x000001a17244c1e0 JavaThread "Unconstrained build operations Thread 11" [_thread_blocked, id=22612, stack(0x0000001274400000,0x0000001274500000)]
  0x000001a17244ea60 JavaThread "Unconstrained build operations Thread 12" [_thread_blocked, id=27524, stack(0x0000001274500000,0x0000001274600000)]
  0x000001a17244a380 JavaThread "Unconstrained build operations Thread 13" [_thread_blocked, id=51856, stack(0x0000001274600000,0x0000001274700000)]
  0x000001a17244b2b0 JavaThread "Unconstrained build operations Thread 14" [_thread_blocked, id=30436, stack(0x0000001274700000,0x0000001274800000)]
  0x000001a17244bcd0 JavaThread "Unconstrained build operations Thread 15" [_thread_blocked, id=9232, stack(0x0000001274800000,0x0000001274900000)]
  0x000001a1733f3af0 JavaThread "Unconstrained build operations Thread 16" [_thread_blocked, id=58856, stack(0x0000001274900000,0x0000001274a00000)]
  0x000001a1733fa030 JavaThread "Unconstrained build operations Thread 17" [_thread_blocked, id=49916, stack(0x0000001274a00000,0x0000001274b00000)]
  0x000001a1733f6d90 JavaThread "Unconstrained build operations Thread 18" [_thread_blocked, id=16520, stack(0x0000001274b00000,0x0000001274c00000)]
  0x000001a1733fa540 JavaThread "Unconstrained build operations Thread 19" [_thread_blocked, id=53920, stack(0x0000001274c00000,0x0000001274d00000)]
  0x000001a1733f5950 JavaThread "Unconstrained build operations Thread 20" [_thread_blocked, id=38248, stack(0x0000001274d00000,0x0000001274e00000)]
  0x000001a1733f4000 JavaThread "Unconstrained build operations Thread 21" [_thread_blocked, id=40888, stack(0x0000001274e00000,0x0000001274f00000)]
  0x000001a1733f72a0 JavaThread "Unconstrained build operations Thread 22" [_thread_blocked, id=25784, stack(0x0000001274f00000,0x0000001275000000)]
  0x000001a1733f30d0 JavaThread "Unconstrained build operations Thread 23" [_thread_blocked, id=16812, stack(0x0000001275000000,0x0000001275100000)]
  0x000001a1733f4a20 JavaThread "Unconstrained build operations Thread 24" [_thread_blocked, id=43360, stack(0x0000001275100000,0x0000001275200000)]
  0x000001a1733faa50 JavaThread "Unconstrained build operations Thread 25" [_thread_blocked, id=1000, stack(0x0000001275200000,0x0000001275300000)]
  0x000001a1733f5e60 JavaThread "Unconstrained build operations Thread 26" [_thread_blocked, id=48400, stack(0x0000001275300000,0x0000001275400000)]
  0x000001a1733f6370 JavaThread "Unconstrained build operations Thread 27" [_thread_blocked, id=35888, stack(0x0000001275400000,0x0000001275500000)]
  0x000001a1733f35e0 JavaThread "Unconstrained build operations Thread 28" [_thread_blocked, id=55808, stack(0x0000001275500000,0x0000001275600000)]
  0x000001a1733f9b20 JavaThread "Unconstrained build operations Thread 29" [_thread_blocked, id=49612, stack(0x0000001275600000,0x0000001275700000)]
  0x000001a1733f4510 JavaThread "Unconstrained build operations Thread 30" [_thread_blocked, id=50972, stack(0x0000001275700000,0x0000001275800000)]
  0x000001a1733f6880 JavaThread "Unconstrained build operations Thread 31" [_thread_blocked, id=8656, stack(0x0000001275800000,0x0000001275900000)]
  0x000001a1733f4f30 JavaThread "Unconstrained build operations Thread 32" [_thread_blocked, id=43572, stack(0x0000001275900000,0x0000001275a00000)]
  0x000001a1733f5440 JavaThread "Unconstrained build operations Thread 33" [_thread_blocked, id=58076, stack(0x0000001275a00000,0x0000001275b00000)]
  0x000001a1733f77b0 JavaThread "Unconstrained build operations Thread 34" [_thread_blocked, id=35756, stack(0x0000001275b00000,0x0000001275c00000)]
  0x000001a1733f86e0 JavaThread "Memory manager" [_thread_blocked, id=36880, stack(0x0000001273400000,0x0000001273500000)]
  0x000001a1733f9100 JavaThread "jar transforms Thread 4" [_thread_blocked, id=21548, stack(0x0000001275d00000,0x0000001275e00000)]
  0x000001a1762217a0 JavaThread "ForkJoinPool.commonPool-worker-1" daemon [_thread_blocked, id=21132, stack(0x0000001275f00000,0x0000001276000000)]
  0x000001a17621d0c0 JavaThread "ForkJoinPool.commonPool-worker-2" daemon [_thread_blocked, id=30068, stack(0x0000001276000000,0x0000001276100000)]
  0x000001a17621e500 JavaThread "ForkJoinPool.commonPool-worker-3" daemon [_thread_blocked, id=25100, stack(0x0000001276100000,0x0000001276200000)]
  0x000001a17621f940 JavaThread "ForkJoinPool.commonPool-worker-4" daemon [_thread_blocked, id=46172, stack(0x0000001276200000,0x0000001276300000)]
  0x000001a17621ef20 JavaThread "ForkJoinPool.commonPool-worker-6" daemon [_thread_blocked, id=24956, stack(0x0000001276400000,0x0000001276500000)]
  0x000001a17621dae0 JavaThread "ForkJoinPool.commonPool-worker-7" daemon [_thread_blocked, id=32276, stack(0x0000001276500000,0x0000001276600000)]
  0x000001a17621cbb0 JavaThread "ForkJoinPool.commonPool-worker-8" daemon [_thread_blocked, id=5336, stack(0x0000001276600000,0x0000001276700000)]
  0x000001a17621ea10 JavaThread "ForkJoinPool.commonPool-worker-9" daemon [_thread_blocked, id=22040, stack(0x0000001276700000,0x0000001276800000)]
  0x000001a17621fe50 JavaThread "ForkJoinPool.commonPool-worker-10" daemon [_thread_blocked, id=32120, stack(0x0000001276800000,0x0000001276900000)]
  0x000001a17621dff0 JavaThread "ForkJoinPool.commonPool-worker-11" daemon [_thread_blocked, id=23676, stack(0x0000001276900000,0x0000001276a00000)]
  0x000001a176220870 JavaThread "ForkJoinPool.commonPool-worker-12" daemon [_thread_blocked, id=51292, stack(0x0000001276e00000,0x0000001276f00000)]
  0x000001a176220d80 JavaThread "ForkJoinPool.commonPool-worker-13" daemon [_thread_blocked, id=55984, stack(0x0000001276f00000,0x0000001277000000)]
  0x000001a1762221c0 JavaThread "ForkJoinPool.commonPool-worker-14" daemon [_thread_blocked, id=26268, stack(0x0000001277000000,0x0000001277100000)]
  0x000001a17621d5d0 JavaThread "ForkJoinPool.commonPool-worker-15" daemon [_thread_blocked, id=55644, stack(0x0000001277100000,0x0000001277200000)]
  0x000001a176221290 JavaThread "Unconstrained build operations Thread 35" [_thread_blocked, id=52448, stack(0x0000001271100000,0x0000001271200000)]
  0x000001a17621ad50 JavaThread "Unconstrained build operations Thread 36" [_thread_blocked, id=33204, stack(0x0000001273500000,0x0000001273600000)]
  0x000001a17621b260 JavaThread "Unconstrained build operations Thread 37" [_thread_blocked, id=5080, stack(0x0000001275e00000,0x0000001275f00000)]
  0x000001a17621b770 JavaThread "Unconstrained build operations Thread 38" [_thread_blocked, id=46464, stack(0x0000001276a00000,0x0000001276b00000)]
  0x000001a17621c6a0 JavaThread "Unconstrained build operations Thread 39" [_thread_blocked, id=45260, stack(0x0000001277200000,0x0000001277300000)]
  0x000001a174ad47a0 JavaThread "Unconstrained build operations Thread 40" [_thread_blocked, id=50156, stack(0x0000001277300000,0x0000001277400000)]
  0x000001a174ad5be0 JavaThread "Unconstrained build operations Thread 41" [_thread_blocked, id=30956, stack(0x0000001277400000,0x0000001277500000)]
  0x000001a174ad56d0 JavaThread "Unconstrained build operations Thread 42" [_thread_blocked, id=30456, stack(0x0000001277500000,0x0000001277600000)]
  0x000001a174ad7020 JavaThread "Unconstrained build operations Thread 43" [_thread_blocked, id=32136, stack(0x0000001277700000,0x0000001277800000)]
  0x000001a174ad2940 JavaThread "Unconstrained build operations Thread 44" [_thread_blocked, id=3396, stack(0x0000001277800000,0x0000001277900000)]
  0x000001a174ad7a40 JavaThread "Unconstrained build operations Thread 45" [_thread_blocked, id=40920, stack(0x0000001277900000,0x0000001277a00000)]
  0x000001a174ad60f0 JavaThread "Unconstrained build operations Thread 46" [_thread_blocked, id=46616, stack(0x0000001277a00000,0x0000001277b00000)]
  0x000001a174ad8970 JavaThread "Unconstrained build operations Thread 47" [_thread_blocked, id=55608, stack(0x0000001277b00000,0x0000001277c00000)]
  0x000001a174ad1f20 JavaThread "Unconstrained build operations Thread 48" [_thread_blocked, id=9672, stack(0x0000001277c00000,0x0000001277d00000)]
  0x000001a174ad7530 JavaThread "Unconstrained build operations Thread 49" [_thread_blocked, id=46892, stack(0x0000001277d00000,0x0000001277e00000)]
  0x000001a174ad2e50 JavaThread "Unconstrained build operations Thread 50" [_thread_blocked, id=53080, stack(0x0000001277e00000,0x0000001277f00000)]
  0x000001a174ad6600 JavaThread "Unconstrained build operations Thread 51" [_thread_blocked, id=49056, stack(0x0000001277f00000,0x0000001278000000)]
  0x000001a174ad2430 JavaThread "Unconstrained build operations Thread 52" [_thread_blocked, id=44636, stack(0x0000001278000000,0x0000001278100000)]
  0x000001a174ad7f50 JavaThread "Unconstrained build operations Thread 53" [_thread_blocked, id=23568, stack(0x0000001278100000,0x0000001278200000)]
  0x000001a174ad3360 JavaThread "Unconstrained build operations Thread 54" [_thread_blocked, id=38044, stack(0x0000001278200000,0x0000001278300000)]
  0x000001a174ad8e80 JavaThread "Unconstrained build operations Thread 55" [_thread_blocked, id=54404, stack(0x0000001278300000,0x0000001278400000)]
  0x000001a174ad4290 JavaThread "Unconstrained build operations Thread 56" [_thread_blocked, id=27244, stack(0x0000001278400000,0x0000001278500000)]
  0x000001a174ad6b10 JavaThread "Unconstrained build operations Thread 57" [_thread_blocked, id=44660, stack(0x0000001278500000,0x0000001278600000)]
  0x000001a174ad8460 JavaThread "Unconstrained build operations Thread 58" [_thread_blocked, id=54896, stack(0x0000001278700000,0x0000001278800000)]
  0x000001a174ad1a10 JavaThread "included builds" [_thread_blocked, id=50572, stack(0x0000001278800000,0x0000001278900000)]
  0x000001a174ad9390 JavaThread "Execution worker" [_thread_blocked, id=47876, stack(0x0000001278900000,0x0000001278a00000)]
  0x000001a174ad3870 JavaThread "Execution worker Thread 2" [_thread_blocked, id=47136, stack(0x0000001278a00000,0x0000001278b00000)]
  0x000001a174ad3d80 JavaThread "Execution worker Thread 3" [_thread_blocked, id=21288, stack(0x0000001278b00000,0x0000001278c00000)]
  0x000001a174ad4cb0 JavaThread "Execution worker Thread 4" [_thread_blocked, id=15004, stack(0x0000001278c00000,0x0000001278d00000)]
  0x000001a174ad51c0 JavaThread "Execution worker Thread 5" [_thread_blocked, id=56948, stack(0x0000001278d00000,0x0000001278e00000)]
  0x000001a1759d9dd0 JavaThread "Execution worker Thread 6" [_thread_blocked, id=58188, stack(0x0000001278e00000,0x0000001278f00000)]
  0x000001a1759db210 JavaThread "Execution worker Thread 7" [_thread_blocked, id=16312, stack(0x0000001278f00000,0x0000001279000000)]
  0x000001a1759dd580 JavaThread "Execution worker Thread 8" [_thread_blocked, id=48512, stack(0x0000001279000000,0x0000001279100000)]
  0x000001a1759d8ea0 JavaThread "Execution worker Thread 9" [_thread_blocked, id=28408, stack(0x0000001279100000,0x0000001279200000)]
  0x000001a1759d7550 JavaThread "Execution worker Thread 10" [_thread_blocked, id=56260, stack(0x0000001279200000,0x0000001279300000)]
  0x000001a1759dda90 JavaThread "Execution worker Thread 11" [_thread_blocked, id=38348, stack(0x0000001279300000,0x0000001279400000)]
  0x000001a1759d7a60 JavaThread "Execution worker Thread 12" [_thread_blocked, id=18272, stack(0x0000001279400000,0x0000001279500000)]
  0x000001a1759d7040 JavaThread "Execution worker Thread 13" [_thread_blocked, id=40192, stack(0x0000001279500000,0x0000001279600000)]
  0x000001a1759dad00 JavaThread "Execution worker Thread 14" [_thread_blocked, id=38712, stack(0x0000001279600000,0x0000001279700000)]
  0x000001a1759ddfa0 JavaThread "Execution worker Thread 15" [_thread_blocked, id=30264, stack(0x0000001279700000,0x0000001279800000)]
  0x000001a1759da7f0 JavaThread "Cache worker for execution history cache (D:\Projects\AlphaDarkworld\.gradle\8.7\executionHistory)" [_thread_blocked, id=52372, stack(0x0000001279800000,0x0000001279900000)]
  0x000001a175be7360 JavaThread "Unconstrained build operations Thread 59" [_thread_blocked, id=56280, stack(0x0000001270b00000,0x0000001270c00000)]
  0x000001a175be1840 JavaThread "Unconstrained build operations Thread 60" [_thread_blocked, id=35516, stack(0x0000001270c00000,0x0000001270d00000)]
  0x000001a175be7d80 JavaThread "Unconstrained build operations Thread 61" [_thread_blocked, id=11644, stack(0x0000001270d00000,0x0000001270e00000)]
  0x000001a175be91c0 JavaThread "Unconstrained build operations Thread 62" [_thread_blocked, id=50132, stack(0x0000001270e00000,0x0000001270f00000)]
  0x000001a175be40c0 JavaThread "Cache worker for Java compile cache (C:\Users\resis\.gradle\caches\8.7\javaCompile)" [_thread_blocked, id=12504, stack(0x000000126f800000,0x000000126f900000)]
  0x000001a175be3190 JavaThread "Build operations" [_thread_blocked, id=47972, stack(0x000000126f700000,0x000000126f800000)]
  0x000001a175be4ff0 JavaThread "Build operations Thread 2" [_thread_blocked, id=37076, stack(0x000000126f900000,0x000000126fa00000)]
  0x000001a175be8290 JavaThread "Build operations Thread 3" [_thread_in_native, id=15204, stack(0x0000001275c00000,0x0000001275d00000)]
  0x000001a175be5500 JavaThread "Build operations Thread 4" [_thread_blocked, id=42176, stack(0x0000001276300000,0x0000001276400000)]
  0x000001a175be87a0 JavaThread "Build operations Thread 5" [_thread_blocked, id=36472, stack(0x0000001276b00000,0x0000001276c00000)]
  0x000001a1759da2e0 JavaThread "Build operations Thread 6" [_thread_blocked, id=32672, stack(0x0000001276c00000,0x0000001276d00000)]
  0x000001a1759de4b0 JavaThread "Build operations Thread 7" [_thread_blocked, id=13228, stack(0x0000001276d00000,0x0000001276e00000)]
  0x000001a1759d7f70 JavaThread "Build operations Thread 8" [_thread_blocked, id=46960, stack(0x0000001277600000,0x0000001277700000)]
  0x000001a1759dbc30 JavaThread "Build operations Thread 9" [_thread_blocked, id=57952, stack(0x0000001278600000,0x0000001278700000)]
  0x000001a1759dc650 JavaThread "Build operations Thread 10" [_thread_blocked, id=18728, stack(0x000000127a700000,0x000000127a800000)]
  0x000001a1759dcb60 JavaThread "Build operations Thread 11" [_thread_blocked, id=12020, stack(0x000000127a800000,0x000000127a900000)]
  0x000001a1759dd070 JavaThread "Build operations Thread 12" [_thread_blocked, id=23796, stack(0x000000127a900000,0x000000127aa00000)]
  0x000001a17621f430 JavaThread "Build operations Thread 13" [_thread_blocked, id=5624, stack(0x000000127aa00000,0x000000127ab00000)]
  0x000001a17621bc80 JavaThread "Build operations Thread 14" [_thread_blocked, id=55244, stack(0x000000127ab00000,0x000000127ac00000)]

Other Threads:
  0x000001a1283d76b0 VMThread "VM Thread" [stack: 0x0000001270000000,0x0000001270100000] [id=17816]
  0x000001a128777570 WatcherThread [stack: 0x0000001271000000,0x0000001271100000] [id=55208]
  0x000001a1071681b0 GCTaskThread "GC Thread#0" [stack: 0x000000126fb00000,0x000000126fc00000] [id=19864]
  0x000001a16ebc3260 GCTaskThread "GC Thread#1" [stack: 0x0000001271200000,0x0000001271300000] [id=58044]
  0x000001a16ebc3520 GCTaskThread "GC Thread#2" [stack: 0x0000001271300000,0x0000001271400000] [id=47964]
  0x000001a16ebc37e0 GCTaskThread "GC Thread#3" [stack: 0x0000001271400000,0x0000001271500000] [id=46008]
  0x000001a16ebc3aa0 GCTaskThread "GC Thread#4" [stack: 0x0000001271500000,0x0000001271600000] [id=36716]
  0x000001a16e93ec10 GCTaskThread "GC Thread#5" [stack: 0x0000001271600000,0x0000001271700000] [id=49232]
  0x000001a172446b60 GCTaskThread "GC Thread#6" [stack: 0x0000001272700000,0x0000001272800000] [id=36316]
  0x000001a1724465e0 GCTaskThread "GC Thread#7" [stack: 0x0000001272800000,0x0000001272900000] [id=32788]
  0x000001a172446e20 GCTaskThread "GC Thread#8" [stack: 0x0000001272900000,0x0000001272a00000] [id=43500]
  0x000001a1724470e0 GCTaskThread "GC Thread#9" [stack: 0x0000001272a00000,0x0000001272b00000] [id=2532]
  0x000001a172447920 GCTaskThread "GC Thread#10" [stack: 0x0000001272b00000,0x0000001272c00000] [id=37184]
  0x000001a1724473a0 GCTaskThread "GC Thread#11" [stack: 0x0000001272c00000,0x0000001272d00000] [id=56616]
  0x000001a172447660 GCTaskThread "GC Thread#12" [stack: 0x0000001272d00000,0x0000001272e00000] [id=42356]
  0x000001a107172ec0 ConcurrentGCThread "G1 Main Marker" [stack: 0x000000126fc00000,0x000000126fd00000] [id=23436]
  0x000001a1071738d0 ConcurrentGCThread "G1 Conc#0" [stack: 0x000000126fd00000,0x000000126fe00000] [id=3656]
  0x000001a172445da0 ConcurrentGCThread "G1 Conc#1" [stack: 0x0000001272e00000,0x0000001272f00000] [id=58612]
  0x000001a172446060 ConcurrentGCThread "G1 Conc#2" [stack: 0x0000001272f00000,0x0000001273000000] [id=26628]
  0x000001a1071cd2f0 ConcurrentGCThread "G1 Refine#0" [stack: 0x000000126fe00000,0x000000126ff00000] [id=26832]
  0x000001a173797460 ConcurrentGCThread "G1 Refine#1" [stack: 0x0000001279900000,0x0000001279a00000] [id=42100]
  0x000001a1737962c0 ConcurrentGCThread "G1 Refine#2" [stack: 0x0000001279a00000,0x0000001279b00000] [id=38872]
  0x000001a1737965b0 ConcurrentGCThread "G1 Refine#3" [stack: 0x0000001279b00000,0x0000001279c00000] [id=21920]
  0x000001a1737968a0 ConcurrentGCThread "G1 Refine#4" [stack: 0x0000001279c00000,0x0000001279d00000] [id=56792]
  0x000001a173795700 ConcurrentGCThread "G1 Refine#5" [stack: 0x0000001279d00000,0x0000001279e00000] [id=25452]
  0x000001a173795120 ConcurrentGCThread "G1 Refine#6" [stack: 0x0000001279e00000,0x0000001279f00000] [id=43624]
  0x000001a173797750 ConcurrentGCThread "G1 Refine#7" [stack: 0x0000001279f00000,0x000000127a000000] [id=58164]
  0x000001a173795410 ConcurrentGCThread "G1 Refine#8" [stack: 0x000000127a000000,0x000000127a100000] [id=34680]
  0x000001a173797a40 ConcurrentGCThread "G1 Refine#9" [stack: 0x000000127a100000,0x000000127a200000] [id=43396]
  0x000001a173796b90 ConcurrentGCThread "G1 Refine#10" [stack: 0x000000127a200000,0x000000127a300000] [id=37328]
  0x000001a173797d30 ConcurrentGCThread "G1 Refine#11" [stack: 0x000000127a300000,0x000000127a400000] [id=54276]
  0x000001a173798020 ConcurrentGCThread "G1 Refine#12" [stack: 0x000000127a400000,0x000000127a500000] [id=15364]
  0x000001a1071cec40 ConcurrentGCThread "G1 Service" [stack: 0x000000126ff00000,0x0000001270000000] [id=21808]

Threads with active compile tasks:
C2 CompilerThread0   104898 21303       4       org.gradle.api.internal.tasks.compile.incremental.serialization.HierarchicalNameSerializer::readName (51 bytes)

VM state: not at safepoint (normal execution)

VM Mutex/Monitor currently owned by a thread: None

OutOfMemory and StackOverflow Exception counts:
OutOfMemoryError java_heap_errors=1
LinkageErrors=146

Heap address: 0x0000000740000000, size: 3072 MB, Compressed Oops mode: Zero based, Oop shift amount: 3

CDS archive(s) mapped at: [0x000001a129000000-0x000001a129bd0000-0x000001a129bd0000), size 12386304, SharedBaseAddress: 0x000001a129000000, ArchiveRelocationMode: 1.
Compressed class space mapped at: 0x000001a12a000000-0x000001a16a000000, reserved size: 1073741824
Narrow klass base: 0x000001a129000000, Narrow klass shift: 0, Narrow klass range: 0x100000000

GC Precious Log:
 CPUs: 16 total, 16 available
 Memory: 16070M
 Large Page Support: Disabled
 NUMA Support: Disabled
 Compressed Oops: Enabled (Zero based)
 Heap Region Size: 2M
 Heap Min Capacity: 8M
 Heap Initial Capacity: 252M
 Heap Max Capacity: 3G
 Pre-touch: Disabled
 Parallel Workers: 13
 Concurrent Workers: 3
 Concurrent Refinement Workers: 13
 Periodic GC: Disabled

Heap:
 garbage-first heap   total 1400832K, used 732218K [0x0000000740000000, 0x0000000800000000)
  region size 2048K, 36 young (73728K), 5 survivors (10240K)
 Metaspace       used 81385K, committed 82048K, reserved 1179648K
  class space    used 10772K, committed 11072K, reserved 1048576K

Heap Regions: E=young(eden), S=young(survivor), O=old, HS=humongous(starts), HC=humongous(continues), CS=collection set, F=free, OA=open archive, CA=closed archive, TAMS=top-at-mark-start (previous, next)
|   0|0x0000000740000000, 0x0000000740200000, 0x0000000740200000|100%|HS|  |TAMS 0x0000000740200000, 0x0000000740000000| Complete 
|   1|0x0000000740200000, 0x0000000740400000, 0x0000000740400000|100%|HC|  |TAMS 0x0000000740400000, 0x0000000740200000| Complete 
|   2|0x0000000740400000, 0x0000000740600000, 0x0000000740600000|100%| O|  |TAMS 0x0000000740600000, 0x0000000740400000| Untracked 
|   3|0x0000000740600000, 0x0000000740800000, 0x0000000740800000|100%| O|  |TAMS 0x0000000740800000, 0x0000000740600000| Untracked 
|   4|0x0000000740800000, 0x0000000740a00000, 0x0000000740a00000|100%| O|  |TAMS 0x0000000740a00000, 0x0000000740800000| Untracked 
|   5|0x0000000740a00000, 0x0000000740c00000, 0x0000000740c00000|100%| O|  |TAMS 0x0000000740c00000, 0x0000000740a00000| Untracked 
|   6|0x0000000740c00000, 0x0000000740e00000, 0x0000000740e00000|100%| O|  |TAMS 0x0000000740e00000, 0x0000000740c00000| Untracked 
|   7|0x0000000740e00000, 0x0000000741000000, 0x0000000741000000|100%| O|  |TAMS 0x0000000741000000, 0x0000000740e00000| Untracked 
|   8|0x0000000741000000, 0x0000000741200000, 0x0000000741200000|100%| O|  |TAMS 0x0000000741200000, 0x0000000741000000| Untracked 
|   9|0x0000000741200000, 0x0000000741400000, 0x0000000741400000|100%| O|  |TAMS 0x0000000741400000, 0x0000000741200000| Untracked 
|  10|0x0000000741400000, 0x0000000741600000, 0x0000000741600000|100%| O|  |TAMS 0x0000000741600000, 0x0000000741400000| Untracked 
|  11|0x0000000741600000, 0x0000000741800000, 0x0000000741800000|100%| O|  |TAMS 0x0000000741800000, 0x0000000741600000| Untracked 
|  12|0x0000000741800000, 0x0000000741a00000, 0x0000000741a00000|100%|HS|  |TAMS 0x0000000741a00000, 0x0000000741800000| Complete 
|  13|0x0000000741a00000, 0x0000000741c00000, 0x0000000741c00000|100%| O|  |TAMS 0x0000000741c00000, 0x0000000741a00000| Untracked 
|  14|0x0000000741c00000, 0x0000000741e00000, 0x0000000741e00000|100%| O|  |TAMS 0x0000000741e00000, 0x0000000741c00000| Untracked 
|  15|0x0000000741e00000, 0x0000000742000000, 0x0000000742000000|100%| O|  |TAMS 0x0000000742000000, 0x0000000741e00000| Untracked 
|  16|0x0000000742000000, 0x0000000742200000, 0x0000000742200000|100%| O|  |TAMS 0x0000000742200000, 0x0000000742000000| Untracked 
|  17|0x0000000742200000, 0x0000000742400000, 0x0000000742400000|100%| O|  |TAMS 0x0000000742400000, 0x0000000742200000| Untracked 
|  18|0x0000000742400000, 0x0000000742600000, 0x0000000742600000|100%| O|  |TAMS 0x0000000742600000, 0x0000000742400000| Untracked 
|  19|0x0000000742600000, 0x0000000742800000, 0x0000000742800000|100%| O|  |TAMS 0x0000000742800000, 0x0000000742600000| Untracked 
|  20|0x0000000742800000, 0x0000000742a00000, 0x0000000742a00000|100%| O|  |TAMS 0x0000000742a00000, 0x0000000742800000| Untracked 
|  21|0x0000000742a00000, 0x0000000742c00000, 0x0000000742c00000|100%| O|  |TAMS 0x0000000742c00000, 0x0000000742a00000| Untracked 
|  22|0x0000000742c00000, 0x0000000742e00000, 0x0000000742e00000|100%| O|  |TAMS 0x0000000742e00000, 0x0000000742c00000| Untracked 
|  23|0x0000000742e00000, 0x0000000743000000, 0x0000000743000000|100%| O|  |TAMS 0x0000000743000000, 0x0000000742e00000| Untracked 
|  24|0x0000000743000000, 0x0000000743200000, 0x0000000743200000|100%| O|  |TAMS 0x0000000743200000, 0x0000000743000000| Untracked 
|  25|0x0000000743200000, 0x0000000743400000, 0x0000000743400000|100%|HS|  |TAMS 0x0000000743200000, 0x0000000743200000| Complete 
|  26|0x0000000743400000, 0x0000000743600000, 0x0000000743600000|100%| O|  |TAMS 0x0000000743600000, 0x0000000743400000| Untracked 
|  27|0x0000000743600000, 0x0000000743800000, 0x0000000743800000|100%| O|  |TAMS 0x0000000743800000, 0x0000000743600000| Untracked 
|  28|0x0000000743800000, 0x0000000743a00000, 0x0000000743a00000|100%| O|  |TAMS 0x0000000743a00000, 0x0000000743800000| Untracked 
|  29|0x0000000743a00000, 0x0000000743c00000, 0x0000000743c00000|100%| O|  |TAMS 0x0000000743c00000, 0x0000000743a00000| Untracked 
|  30|0x0000000743c00000, 0x0000000743e00000, 0x0000000743e00000|100%| O|  |TAMS 0x0000000743e00000, 0x0000000743c00000| Untracked 
|  31|0x0000000743e00000, 0x0000000744000000, 0x0000000744000000|100%| O|  |TAMS 0x0000000744000000, 0x0000000743e00000| Untracked 
|  32|0x0000000744000000, 0x0000000744200000, 0x0000000744200000|100%| O|  |TAMS 0x0000000744200000, 0x0000000744000000| Untracked 
|  33|0x0000000744200000, 0x0000000744400000, 0x0000000744400000|100%| O|  |TAMS 0x0000000744200000, 0x0000000744200000| Untracked 
|  34|0x0000000744400000, 0x0000000744600000, 0x0000000744600000|100%| O|  |TAMS 0x0000000744600000, 0x0000000744400000| Untracked 
|  35|0x0000000744600000, 0x0000000744800000, 0x0000000744800000|100%| O|  |TAMS 0x0000000744800000, 0x0000000744600000| Untracked 
|  36|0x0000000744800000, 0x0000000744a00000, 0x0000000744a00000|100%| O|  |TAMS 0x0000000744800000, 0x0000000744800000| Untracked 
|  37|0x0000000744a00000, 0x0000000744c00000, 0x0000000744c00000|100%| O|  |TAMS 0x0000000744c00000, 0x0000000744a00000| Untracked 
|  38|0x0000000744c00000, 0x0000000744e00000, 0x0000000744e00000|100%| O|  |TAMS 0x0000000744e00000, 0x0000000744c00000| Untracked 
|  39|0x0000000744e00000, 0x0000000745000000, 0x0000000745000000|100%| O|  |TAMS 0x0000000745000000, 0x0000000744e00000| Untracked 
|  40|0x0000000745000000, 0x0000000745200000, 0x0000000745200000|100%| O|  |TAMS 0x0000000745200000, 0x0000000745000000| Untracked 
|  41|0x0000000745200000, 0x0000000745400000, 0x0000000745400000|100%| O|  |TAMS 0x0000000745400000, 0x0000000745200000| Untracked 
|  42|0x0000000745400000, 0x0000000745600000, 0x0000000745600000|100%| O|  |TAMS 0x0000000745600000, 0x0000000745400000| Untracked 
|  43|0x0000000745600000, 0x0000000745800000, 0x0000000745800000|100%| O|  |TAMS 0x0000000745800000, 0x0000000745600000| Untracked 
|  44|0x0000000745800000, 0x0000000745a00000, 0x0000000745a00000|100%| O|  |TAMS 0x0000000745a00000, 0x0000000745800000| Untracked 
|  45|0x0000000745a00000, 0x0000000745c00000, 0x0000000745c00000|100%| O|  |TAMS 0x0000000745c00000, 0x0000000745a00000| Untracked 
|  46|0x0000000745c00000, 0x0000000745e00000, 0x0000000745e00000|100%| O|  |TAMS 0x0000000745e00000, 0x0000000745c00000| Untracked 
|  47|0x0000000745e00000, 0x0000000746000000, 0x0000000746000000|100%| O|  |TAMS 0x0000000746000000, 0x0000000745e00000| Untracked 
|  48|0x0000000746000000, 0x0000000746200000, 0x0000000746200000|100%| O|  |TAMS 0x0000000746200000, 0x0000000746000000| Untracked 
|  49|0x0000000746200000, 0x0000000746400000, 0x0000000746400000|100%| O|  |TAMS 0x0000000746400000, 0x0000000746200000| Untracked 
|  50|0x0000000746400000, 0x0000000746600000, 0x0000000746600000|100%| O|  |TAMS 0x0000000746600000, 0x0000000746400000| Untracked 
|  51|0x0000000746600000, 0x0000000746800000, 0x0000000746800000|100%| O|  |TAMS 0x0000000746800000, 0x0000000746600000| Untracked 
|  52|0x0000000746800000, 0x0000000746a00000, 0x0000000746a00000|100%| O|  |TAMS 0x0000000746a00000, 0x0000000746800000| Untracked 
|  53|0x0000000746a00000, 0x0000000746c00000, 0x0000000746c00000|100%| O|  |TAMS 0x0000000746c00000, 0x0000000746a00000| Untracked 
|  54|0x0000000746c00000, 0x0000000746e00000, 0x0000000746e00000|100%| O|  |TAMS 0x0000000746e00000, 0x0000000746c00000| Untracked 
|  55|0x0000000746e00000, 0x0000000747000000, 0x0000000747000000|100%| O|  |TAMS 0x0000000747000000, 0x0000000746e00000| Untracked 
|  56|0x0000000747000000, 0x0000000747200000, 0x0000000747200000|100%| O|  |TAMS 0x0000000747200000, 0x0000000747000000| Untracked 
|  57|0x0000000747200000, 0x0000000747400000, 0x0000000747400000|100%| O|  |TAMS 0x0000000747400000, 0x0000000747200000| Untracked 
|  58|0x0000000747400000, 0x0000000747600000, 0x0000000747600000|100%| O|  |TAMS 0x0000000747600000, 0x0000000747400000| Untracked 
|  59|0x0000000747600000, 0x0000000747800000, 0x0000000747800000|100%| O|  |TAMS 0x0000000747600000, 0x0000000747600000| Untracked 
|  60|0x0000000747800000, 0x0000000747800000, 0x0000000747a00000|  0%| F|  |TAMS 0x0000000747800000, 0x0000000747800000| Untracked 
|  61|0x0000000747a00000, 0x0000000747a00000, 0x0000000747c00000|  0%| F|  |TAMS 0x0000000747a00000, 0x0000000747a00000| Untracked 
|  62|0x0000000747c00000, 0x0000000747c00000, 0x0000000747e00000|  0%| F|  |TAMS 0x0000000747c00000, 0x0000000747c00000| Untracked 
|  63|0x0000000747e00000, 0x0000000748000000, 0x0000000748000000|100%| O|  |TAMS 0x0000000748000000, 0x0000000747e00000| Untracked 
|  64|0x0000000748000000, 0x0000000748200000, 0x0000000748200000|100%| O|  |TAMS 0x0000000748200000, 0x0000000748000000| Untracked 
|  65|0x0000000748200000, 0x0000000748400000, 0x0000000748400000|100%| O|  |TAMS 0x0000000748400000, 0x0000000748200000| Untracked 
|  66|0x0000000748400000, 0x0000000748600000, 0x0000000748600000|100%| O|  |TAMS 0x0000000748600000, 0x0000000748400000| Untracked 
|  67|0x0000000748600000, 0x0000000748800000, 0x0000000748800000|100%| O|  |TAMS 0x0000000748800000, 0x0000000748600000| Untracked 
|  68|0x0000000748800000, 0x0000000748a00000, 0x0000000748a00000|100%| O|  |TAMS 0x0000000748a00000, 0x0000000748800000| Untracked 
|  69|0x0000000748a00000, 0x0000000748c00000, 0x0000000748c00000|100%| O|  |TAMS 0x0000000748c00000, 0x0000000748a00000| Untracked 
|  70|0x0000000748c00000, 0x0000000748e00000, 0x0000000748e00000|100%| O|  |TAMS 0x0000000748e00000, 0x0000000748c00000| Untracked 
|  71|0x0000000748e00000, 0x0000000749000000, 0x0000000749000000|100%| O|  |TAMS 0x0000000749000000, 0x0000000748e00000| Untracked 
|  72|0x0000000749000000, 0x0000000749200000, 0x0000000749200000|100%| O|  |TAMS 0x0000000749000000, 0x0000000749000000| Untracked 
|  73|0x0000000749200000, 0x0000000749400000, 0x0000000749400000|100%| O|  |TAMS 0x0000000749400000, 0x0000000749200000| Untracked 
|  74|0x0000000749400000, 0x0000000749400000, 0x0000000749600000|  0%| F|  |TAMS 0x0000000749400000, 0x0000000749400000| Untracked 
|  75|0x0000000749600000, 0x0000000749800000, 0x0000000749800000|100%| O|  |TAMS 0x0000000749800000, 0x0000000749600000| Untracked 
|  76|0x0000000749800000, 0x0000000749a00000, 0x0000000749a00000|100%| O|  |TAMS 0x0000000749a00000, 0x0000000749800000| Untracked 
|  77|0x0000000749a00000, 0x0000000749c00000, 0x0000000749c00000|100%| O|  |TAMS 0x0000000749c00000, 0x0000000749a00000| Untracked 
|  78|0x0000000749c00000, 0x0000000749e00000, 0x0000000749e00000|100%| O|  |TAMS 0x0000000749e00000, 0x0000000749c00000| Untracked 
|  79|0x0000000749e00000, 0x000000074a000000, 0x000000074a000000|100%| O|  |TAMS 0x000000074a000000, 0x0000000749e00000| Untracked 
|  80|0x000000074a000000, 0x000000074a200000, 0x000000074a200000|100%| O|  |TAMS 0x000000074a200000, 0x000000074a000000| Untracked 
|  81|0x000000074a200000, 0x000000074a400000, 0x000000074a400000|100%| O|  |TAMS 0x000000074a400000, 0x000000074a200000| Untracked 
|  82|0x000000074a400000, 0x000000074a600000, 0x000000074a600000|100%| O|  |TAMS 0x000000074a600000, 0x000000074a400000| Untracked 
|  83|0x000000074a600000, 0x000000074a600000, 0x000000074a800000|  0%| F|  |TAMS 0x000000074a600000, 0x000000074a600000| Untracked 
|  84|0x000000074a800000, 0x000000074a800000, 0x000000074aa00000|  0%| F|  |TAMS 0x000000074a800000, 0x000000074a800000| Untracked 
|  85|0x000000074aa00000, 0x000000074ac00000, 0x000000074ac00000|100%| O|  |TAMS 0x000000074ac00000, 0x000000074aa00000| Untracked 
|  86|0x000000074ac00000, 0x000000074ae00000, 0x000000074ae00000|100%| O|  |TAMS 0x000000074ae00000, 0x000000074ac00000| Untracked 
|  87|0x000000074ae00000, 0x000000074b000000, 0x000000074b000000|100%| O|  |TAMS 0x000000074b000000, 0x000000074ae00000| Untracked 
|  88|0x000000074b000000, 0x000000074b200000, 0x000000074b200000|100%| O|  |TAMS 0x000000074b200000, 0x000000074b000000| Untracked 
|  89|0x000000074b200000, 0x000000074b400000, 0x000000074b400000|100%| O|  |TAMS 0x000000074b400000, 0x000000074b200000| Untracked 
|  90|0x000000074b400000, 0x000000074b600000, 0x000000074b600000|100%| O|  |TAMS 0x000000074b600000, 0x000000074b400000| Untracked 
|  91|0x000000074b600000, 0x000000074b800000, 0x000000074b800000|100%| O|  |TAMS 0x000000074b800000, 0x000000074b600000| Untracked 
|  92|0x000000074b800000, 0x000000074ba00000, 0x000000074ba00000|100%| O|  |TAMS 0x000000074ba00000, 0x000000074b800000| Untracked 
|  93|0x000000074ba00000, 0x000000074bc00000, 0x000000074bc00000|100%| O|  |TAMS 0x000000074bc00000, 0x000000074ba00000| Untracked 
|  94|0x000000074bc00000, 0x000000074be00000, 0x000000074be00000|100%| O|  |TAMS 0x000000074be00000, 0x000000074bc00000| Untracked 
|  95|0x000000074be00000, 0x000000074c000000, 0x000000074c000000|100%| O|  |TAMS 0x000000074c000000, 0x000000074be00000| Untracked 
|  96|0x000000074c000000, 0x000000074c200000, 0x000000074c200000|100%| O|  |TAMS 0x000000074c200000, 0x000000074c000000| Untracked 
|  97|0x000000074c200000, 0x000000074c400000, 0x000000074c400000|100%| O|  |TAMS 0x000000074c400000, 0x000000074c200000| Untracked 
|  98|0x000000074c400000, 0x000000074c600000, 0x000000074c600000|100%| O|  |TAMS 0x000000074c600000, 0x000000074c400000| Untracked 
|  99|0x000000074c600000, 0x000000074c800000, 0x000000074c800000|100%| O|  |TAMS 0x000000074c800000, 0x000000074c600000| Untracked 
| 100|0x000000074c800000, 0x000000074ca00000, 0x000000074ca00000|100%| O|  |TAMS 0x000000074ca00000, 0x000000074c800000| Untracked 
| 101|0x000000074ca00000, 0x000000074cc00000, 0x000000074cc00000|100%| O|  |TAMS 0x000000074cc00000, 0x000000074ca00000| Untracked 
| 102|0x000000074cc00000, 0x000000074ce00000, 0x000000074ce00000|100%| O|  |TAMS 0x000000074ce00000, 0x000000074cc00000| Untracked 
| 103|0x000000074ce00000, 0x000000074d000000, 0x000000074d000000|100%| O|  |TAMS 0x000000074d000000, 0x000000074ce00000| Untracked 
| 104|0x000000074d000000, 0x000000074d200000, 0x000000074d200000|100%| O|  |TAMS 0x000000074d200000, 0x000000074d000000| Untracked 
| 105|0x000000074d200000, 0x000000074d400000, 0x000000074d400000|100%| O|  |TAMS 0x000000074d400000, 0x000000074d200000| Untracked 
| 106|0x000000074d400000, 0x000000074d600000, 0x000000074d600000|100%| O|  |TAMS 0x000000074d600000, 0x000000074d400000| Untracked 
| 107|0x000000074d600000, 0x000000074d800000, 0x000000074d800000|100%| O|  |TAMS 0x000000074d800000, 0x000000074d600000| Untracked 
| 108|0x000000074d800000, 0x000000074da00000, 0x000000074da00000|100%| O|  |TAMS 0x000000074da00000, 0x000000074d800000| Untracked 
| 109|0x000000074da00000, 0x000000074dc00000, 0x000000074dc00000|100%| O|  |TAMS 0x000000074dc00000, 0x000000074da00000| Untracked 
| 110|0x000000074dc00000, 0x000000074de00000, 0x000000074de00000|100%| O|  |TAMS 0x000000074de00000, 0x000000074dc00000| Untracked 
| 111|0x000000074de00000, 0x000000074e000000, 0x000000074e000000|100%| O|  |TAMS 0x000000074e000000, 0x000000074de00000| Untracked 
| 112|0x000000074e000000, 0x000000074e200000, 0x000000074e200000|100%| O|  |TAMS 0x000000074e200000, 0x000000074e000000| Untracked 
| 113|0x000000074e200000, 0x000000074e400000, 0x000000074e400000|100%| O|  |TAMS 0x000000074e400000, 0x000000074e200000| Untracked 
| 114|0x000000074e400000, 0x000000074e600000, 0x000000074e600000|100%| O|  |TAMS 0x000000074e600000, 0x000000074e400000| Untracked 
| 115|0x000000074e600000, 0x000000074e800000, 0x000000074e800000|100%| O|  |TAMS 0x000000074e800000, 0x000000074e600000| Untracked 
| 116|0x000000074e800000, 0x000000074e800000, 0x000000074ea00000|  0%| F|  |TAMS 0x000000074e800000, 0x000000074e800000| Untracked 
| 117|0x000000074ea00000, 0x000000074ec00000, 0x000000074ec00000|100%| O|  |TAMS 0x000000074ea00000, 0x000000074ea00000| Untracked 
| 118|0x000000074ec00000, 0x000000074ee00000, 0x000000074ee00000|100%| O|  |TAMS 0x000000074ec00000, 0x000000074ec00000| Untracked 
| 119|0x000000074ee00000, 0x000000074ee00000, 0x000000074f000000|  0%| F|  |TAMS 0x000000074ee00000, 0x000000074ee00000| Untracked 
| 120|0x000000074f000000, 0x000000074f200000, 0x000000074f200000|100%| O|  |TAMS 0x000000074f200000, 0x000000074f000000| Untracked 
| 121|0x000000074f200000, 0x000000074f400000, 0x000000074f400000|100%| O|  |TAMS 0x000000074f400000, 0x000000074f200000| Untracked 
| 122|0x000000074f400000, 0x000000074f600000, 0x000000074f600000|100%| O|  |TAMS 0x000000074f600000, 0x000000074f400000| Untracked 
| 123|0x000000074f600000, 0x000000074f800000, 0x000000074f800000|100%| O|  |TAMS 0x000000074f800000, 0x000000074f600000| Untracked 
| 124|0x000000074f800000, 0x000000074fa00000, 0x000000074fa00000|100%| O|  |TAMS 0x000000074fa00000, 0x000000074f800000| Untracked 
| 125|0x000000074fa00000, 0x000000074fc00000, 0x000000074fc00000|100%| O|  |TAMS 0x000000074fc00000, 0x000000074fa00000| Untracked 
| 126|0x000000074fc00000, 0x000000074fe00000, 0x000000074fe00000|100%| O|  |TAMS 0x000000074fe00000, 0x000000074fc00000| Untracked 
| 127|0x000000074fe00000, 0x0000000750000000, 0x0000000750000000|100%| O|  |TAMS 0x0000000750000000, 0x000000074fe00000| Untracked 
| 128|0x0000000750000000, 0x0000000750200000, 0x0000000750200000|100%| O|  |TAMS 0x0000000750200000, 0x0000000750000000| Untracked 
| 129|0x0000000750200000, 0x0000000750400000, 0x0000000750400000|100%| O|  |TAMS 0x0000000750400000, 0x0000000750200000| Untracked 
| 130|0x0000000750400000, 0x0000000750600000, 0x0000000750600000|100%| O|  |TAMS 0x0000000750600000, 0x0000000750400000| Untracked 
| 131|0x0000000750600000, 0x0000000750800000, 0x0000000750800000|100%| O|  |TAMS 0x0000000750800000, 0x0000000750600000| Untracked 
| 132|0x0000000750800000, 0x0000000750800000, 0x0000000750a00000|  0%| F|  |TAMS 0x0000000750800000, 0x0000000750800000| Untracked 
| 133|0x0000000750a00000, 0x0000000750a00000, 0x0000000750c00000|  0%| F|  |TAMS 0x0000000750a00000, 0x0000000750a00000| Untracked 
| 134|0x0000000750c00000, 0x0000000750e00000, 0x0000000750e00000|100%| O|  |TAMS 0x0000000750e00000, 0x0000000750c00000| Untracked 
| 135|0x0000000750e00000, 0x0000000751000000, 0x0000000751000000|100%| O|  |TAMS 0x0000000751000000, 0x0000000750e00000| Untracked 
| 136|0x0000000751000000, 0x0000000751200000, 0x0000000751200000|100%| O|  |TAMS 0x0000000751200000, 0x0000000751000000| Untracked 
| 137|0x0000000751200000, 0x0000000751400000, 0x0000000751400000|100%| O|  |TAMS 0x0000000751400000, 0x0000000751200000| Untracked 
| 138|0x0000000751400000, 0x0000000751600000, 0x0000000751600000|100%| O|  |TAMS 0x0000000751600000, 0x0000000751400000| Untracked 
| 139|0x0000000751600000, 0x0000000751800000, 0x0000000751800000|100%| O|  |TAMS 0x0000000751800000, 0x0000000751600000| Untracked 
| 140|0x0000000751800000, 0x0000000751a00000, 0x0000000751a00000|100%| O|  |TAMS 0x0000000751a00000, 0x0000000751800000| Untracked 
| 141|0x0000000751a00000, 0x0000000751c00000, 0x0000000751c00000|100%| O|  |TAMS 0x0000000751c00000, 0x0000000751a00000| Untracked 
| 142|0x0000000751c00000, 0x0000000751e00000, 0x0000000751e00000|100%| O|  |TAMS 0x0000000751e00000, 0x0000000751c00000| Untracked 
| 143|0x0000000751e00000, 0x0000000752000000, 0x0000000752000000|100%| O|  |TAMS 0x0000000752000000, 0x0000000751e00000| Untracked 
| 144|0x0000000752000000, 0x0000000752200000, 0x0000000752200000|100%| O|  |TAMS 0x0000000752200000, 0x0000000752000000| Untracked 
| 145|0x0000000752200000, 0x0000000752200000, 0x0000000752400000|  0%| F|  |TAMS 0x0000000752200000, 0x0000000752200000| Untracked 
| 146|0x0000000752400000, 0x0000000752600000, 0x0000000752600000|100%| O|  |TAMS 0x0000000752600000, 0x0000000752400000| Untracked 
| 147|0x0000000752600000, 0x0000000752600000, 0x0000000752800000|  0%| F|  |TAMS 0x0000000752600000, 0x0000000752600000| Untracked 
| 148|0x0000000752800000, 0x0000000752a00000, 0x0000000752a00000|100%| O|  |TAMS 0x0000000752a00000, 0x0000000752800000| Untracked 
| 149|0x0000000752a00000, 0x0000000752c00000, 0x0000000752c00000|100%| O|  |TAMS 0x0000000752c00000, 0x0000000752a00000| Untracked 
| 150|0x0000000752c00000, 0x0000000752e00000, 0x0000000752e00000|100%| O|  |TAMS 0x0000000752e00000, 0x0000000752c00000| Untracked 
| 151|0x0000000752e00000, 0x0000000753000000, 0x0000000753000000|100%| O|  |TAMS 0x0000000753000000, 0x0000000752e00000| Untracked 
| 152|0x0000000753000000, 0x0000000753200000, 0x0000000753200000|100%| O|  |TAMS 0x0000000753200000, 0x0000000753000000| Untracked 
| 153|0x0000000753200000, 0x0000000753400000, 0x0000000753400000|100%| O|  |TAMS 0x0000000753400000, 0x0000000753200000| Untracked 
| 154|0x0000000753400000, 0x0000000753400000, 0x0000000753600000|  0%| F|  |TAMS 0x0000000753400000, 0x0000000753400000| Untracked 
| 155|0x0000000753600000, 0x0000000753600000, 0x0000000753800000|  0%| F|  |TAMS 0x0000000753600000, 0x0000000753600000| Untracked 
| 156|0x0000000753800000, 0x0000000753a00000, 0x0000000753a00000|100%| O|  |TAMS 0x0000000753a00000, 0x0000000753800000| Untracked 
| 157|0x0000000753a00000, 0x0000000753c00000, 0x0000000753c00000|100%| O|  |TAMS 0x0000000753c00000, 0x0000000753a00000| Untracked 
| 158|0x0000000753c00000, 0x0000000753e00000, 0x0000000753e00000|100%| O|  |TAMS 0x0000000753e00000, 0x0000000753c00000| Untracked 
| 159|0x0000000753e00000, 0x0000000754000000, 0x0000000754000000|100%| O|  |TAMS 0x0000000754000000, 0x0000000753e00000| Untracked 
| 160|0x0000000754000000, 0x0000000754200000, 0x0000000754200000|100%| O|  |TAMS 0x0000000754200000, 0x0000000754000000| Untracked 
| 161|0x0000000754200000, 0x0000000754400000, 0x0000000754400000|100%| O|  |TAMS 0x0000000754400000, 0x0000000754200000| Untracked 
| 162|0x0000000754400000, 0x0000000754600000, 0x0000000754600000|100%| O|  |TAMS 0x0000000754600000, 0x0000000754400000| Untracked 
| 163|0x0000000754600000, 0x0000000754800000, 0x0000000754800000|100%| O|  |TAMS 0x0000000754800000, 0x0000000754600000| Untracked 
| 164|0x0000000754800000, 0x0000000754a00000, 0x0000000754a00000|100%| O|  |TAMS 0x0000000754800000, 0x0000000754800000| Untracked 
| 165|0x0000000754a00000, 0x0000000754a00000, 0x0000000754c00000|  0%| F|  |TAMS 0x0000000754a00000, 0x0000000754a00000| Untracked 
| 166|0x0000000754c00000, 0x0000000754e00000, 0x0000000754e00000|100%| O|  |TAMS 0x0000000754e00000, 0x0000000754c00000| Untracked 
| 167|0x0000000754e00000, 0x0000000755000000, 0x0000000755000000|100%| O|  |TAMS 0x0000000755000000, 0x0000000754e00000| Untracked 
| 168|0x0000000755000000, 0x0000000755200000, 0x0000000755200000|100%| O|  |TAMS 0x0000000755200000, 0x0000000755000000| Untracked 
| 169|0x0000000755200000, 0x0000000755400000, 0x0000000755400000|100%| O|  |TAMS 0x0000000755400000, 0x0000000755200000| Untracked 
| 170|0x0000000755400000, 0x0000000755400000, 0x0000000755600000|  0%| F|  |TAMS 0x0000000755400000, 0x0000000755400000| Untracked 
| 171|0x0000000755600000, 0x0000000755600000, 0x0000000755800000|  0%| F|  |TAMS 0x0000000755600000, 0x0000000755600000| Untracked 
| 172|0x0000000755800000, 0x0000000755800000, 0x0000000755a00000|  0%| F|  |TAMS 0x0000000755800000, 0x0000000755800000| Untracked 
| 173|0x0000000755a00000, 0x0000000755a00000, 0x0000000755c00000|  0%| F|  |TAMS 0x0000000755a00000, 0x0000000755a00000| Untracked 
| 174|0x0000000755c00000, 0x0000000755c00000, 0x0000000755e00000|  0%| F|  |TAMS 0x0000000755c00000, 0x0000000755c00000| Untracked 
| 175|0x0000000755e00000, 0x0000000755e00000, 0x0000000756000000|  0%| F|  |TAMS 0x0000000755e00000, 0x0000000755e00000| Untracked 
| 176|0x0000000756000000, 0x0000000756200000, 0x0000000756200000|100%| O|  |TAMS 0x0000000756200000, 0x0000000756000000| Untracked 
| 177|0x0000000756200000, 0x0000000756400000, 0x0000000756400000|100%| O|  |TAMS 0x0000000756400000, 0x0000000756200000| Untracked 
| 178|0x0000000756400000, 0x0000000756600000, 0x0000000756600000|100%| O|  |TAMS 0x0000000756600000, 0x0000000756400000| Untracked 
| 179|0x0000000756600000, 0x0000000756800000, 0x0000000756800000|100%| O|  |TAMS 0x0000000756800000, 0x0000000756600000| Untracked 
| 180|0x0000000756800000, 0x0000000756a00000, 0x0000000756a00000|100%| O|  |TAMS 0x0000000756a00000, 0x0000000756800000| Untracked 
| 181|0x0000000756a00000, 0x0000000756c00000, 0x0000000756c00000|100%| O|  |TAMS 0x0000000756c00000, 0x0000000756a00000| Untracked 
| 182|0x0000000756c00000, 0x0000000756c00000, 0x0000000756e00000|  0%| F|  |TAMS 0x0000000756c00000, 0x0000000756c00000| Untracked 
| 183|0x0000000756e00000, 0x0000000757000000, 0x0000000757000000|100%| O|  |TAMS 0x0000000757000000, 0x0000000756e00000| Untracked 
| 184|0x0000000757000000, 0x0000000757200000, 0x0000000757200000|100%|HS|  |TAMS 0x0000000757200000, 0x0000000757000000| Complete 
| 185|0x0000000757200000, 0x0000000757400000, 0x0000000757400000|100%| O|  |TAMS 0x0000000757400000, 0x0000000757200000| Untracked 
| 186|0x0000000757400000, 0x0000000757600000, 0x0000000757600000|100%| O|  |TAMS 0x0000000757600000, 0x0000000757400000| Untracked 
| 187|0x0000000757600000, 0x0000000757800000, 0x0000000757800000|100%| O|  |TAMS 0x0000000757800000, 0x0000000757600000| Untracked 
| 188|0x0000000757800000, 0x0000000757a00000, 0x0000000757a00000|100%| O|  |TAMS 0x0000000757a00000, 0x0000000757800000| Untracked 
| 189|0x0000000757a00000, 0x0000000757c00000, 0x0000000757c00000|100%| O|  |TAMS 0x0000000757c00000, 0x0000000757a00000| Untracked 
| 190|0x0000000757c00000, 0x0000000757e00000, 0x0000000757e00000|100%| O|  |TAMS 0x0000000757e00000, 0x0000000757c00000| Untracked 
| 191|0x0000000757e00000, 0x0000000758000000, 0x0000000758000000|100%| O|  |TAMS 0x0000000758000000, 0x0000000757e00000| Untracked 
| 192|0x0000000758000000, 0x0000000758200000, 0x0000000758200000|100%| O|  |TAMS 0x0000000758200000, 0x0000000758000000| Untracked 
| 193|0x0000000758200000, 0x0000000758400000, 0x0000000758400000|100%| O|  |TAMS 0x0000000758400000, 0x0000000758200000| Untracked 
| 194|0x0000000758400000, 0x0000000758600000, 0x0000000758600000|100%| O|  |TAMS 0x0000000758600000, 0x0000000758400000| Untracked 
| 195|0x0000000758600000, 0x0000000758800000, 0x0000000758800000|100%| O|  |TAMS 0x0000000758800000, 0x0000000758600000| Untracked 
| 196|0x0000000758800000, 0x0000000758a00000, 0x0000000758a00000|100%| O|  |TAMS 0x0000000758a00000, 0x0000000758800000| Untracked 
| 197|0x0000000758a00000, 0x0000000758c00000, 0x0000000758c00000|100%| O|  |TAMS 0x0000000758c00000, 0x0000000758a00000| Untracked 
| 198|0x0000000758c00000, 0x0000000758e00000, 0x0000000758e00000|100%| O|  |TAMS 0x0000000758e00000, 0x0000000758c00000| Untracked 
| 199|0x0000000758e00000, 0x0000000759000000, 0x0000000759000000|100%| O|  |TAMS 0x0000000759000000, 0x0000000758e00000| Untracked 
| 200|0x0000000759000000, 0x0000000759200000, 0x0000000759200000|100%| O|  |TAMS 0x0000000759200000, 0x0000000759000000| Untracked 
| 201|0x0000000759200000, 0x0000000759400000, 0x0000000759400000|100%| O|  |TAMS 0x0000000759400000, 0x0000000759200000| Untracked 
| 202|0x0000000759400000, 0x0000000759600000, 0x0000000759600000|100%| O|  |TAMS 0x0000000759600000, 0x0000000759400000| Untracked 
| 203|0x0000000759600000, 0x0000000759800000, 0x0000000759800000|100%| O|  |TAMS 0x0000000759800000, 0x0000000759600000| Untracked 
| 204|0x0000000759800000, 0x0000000759a00000, 0x0000000759a00000|100%| O|  |TAMS 0x0000000759a00000, 0x0000000759800000| Untracked 
| 205|0x0000000759a00000, 0x0000000759c00000, 0x0000000759c00000|100%| O|  |TAMS 0x0000000759c00000, 0x0000000759a00000| Untracked 
| 206|0x0000000759c00000, 0x0000000759e00000, 0x0000000759e00000|100%| O|  |TAMS 0x0000000759e00000, 0x0000000759c00000| Untracked 
| 207|0x0000000759e00000, 0x000000075a000000, 0x000000075a000000|100%| O|  |TAMS 0x000000075a000000, 0x0000000759e00000| Untracked 
| 208|0x000000075a000000, 0x000000075a200000, 0x000000075a200000|100%| O|  |TAMS 0x000000075a200000, 0x000000075a000000| Untracked 
| 209|0x000000075a200000, 0x000000075a400000, 0x000000075a400000|100%| O|  |TAMS 0x000000075a400000, 0x000000075a200000| Untracked 
| 210|0x000000075a400000, 0x000000075a600000, 0x000000075a600000|100%| O|  |TAMS 0x000000075a600000, 0x000000075a400000| Untracked 
| 211|0x000000075a600000, 0x000000075a800000, 0x000000075a800000|100%| O|  |TAMS 0x000000075a800000, 0x000000075a600000| Untracked 
| 212|0x000000075a800000, 0x000000075aa00000, 0x000000075aa00000|100%| O|  |TAMS 0x000000075aa00000, 0x000000075a800000| Untracked 
| 213|0x000000075aa00000, 0x000000075ac00000, 0x000000075ac00000|100%| O|  |TAMS 0x000000075ac00000, 0x000000075aa00000| Untracked 
| 214|0x000000075ac00000, 0x000000075ae00000, 0x000000075ae00000|100%| O|  |TAMS 0x000000075ac00000, 0x000000075ac00000| Untracked 
| 215|0x000000075ae00000, 0x000000075b000000, 0x000000075b000000|100%| O|  |TAMS 0x000000075b000000, 0x000000075ae00000| Untracked 
| 216|0x000000075b000000, 0x000000075b200000, 0x000000075b200000|100%| O|  |TAMS 0x000000075b200000, 0x000000075b000000| Untracked 
| 217|0x000000075b200000, 0x000000075b400000, 0x000000075b400000|100%| O|  |TAMS 0x000000075b400000, 0x000000075b200000| Untracked 
| 218|0x000000075b400000, 0x000000075b600000, 0x000000075b600000|100%| O|  |TAMS 0x000000075b600000, 0x000000075b400000| Untracked 
| 219|0x000000075b600000, 0x000000075b800000, 0x000000075b800000|100%| O|  |TAMS 0x000000075b600000, 0x000000075b600000| Untracked 
| 220|0x000000075b800000, 0x000000075ba00000, 0x000000075ba00000|100%| O|  |TAMS 0x000000075ba00000, 0x000000075b800000| Untracked 
| 221|0x000000075ba00000, 0x000000075bc00000, 0x000000075bc00000|100%| O|  |TAMS 0x000000075bc00000, 0x000000075ba00000| Untracked 
| 222|0x000000075bc00000, 0x000000075be00000, 0x000000075be00000|100%| O|  |TAMS 0x000000075be00000, 0x000000075bc00000| Untracked 
| 223|0x000000075be00000, 0x000000075c000000, 0x000000075c000000|100%| O|  |TAMS 0x000000075c000000, 0x000000075be00000| Untracked 
| 224|0x000000075c000000, 0x000000075c200000, 0x000000075c200000|100%| O|  |TAMS 0x000000075c200000, 0x000000075c000000| Untracked 
| 225|0x000000075c200000, 0x000000075c400000, 0x000000075c400000|100%| O|  |TAMS 0x000000075c400000, 0x000000075c200000| Untracked 
| 226|0x000000075c400000, 0x000000075c600000, 0x000000075c600000|100%| O|  |TAMS 0x000000075c600000, 0x000000075c400000| Untracked 
| 227|0x000000075c600000, 0x000000075c800000, 0x000000075c800000|100%| O|  |TAMS 0x000000075c800000, 0x000000075c600000| Untracked 
| 228|0x000000075c800000, 0x000000075ca00000, 0x000000075ca00000|100%| O|  |TAMS 0x000000075ca00000, 0x000000075c800000| Untracked 
| 229|0x000000075ca00000, 0x000000075cc00000, 0x000000075cc00000|100%| O|  |TAMS 0x000000075cc00000, 0x000000075ca00000| Untracked 
| 230|0x000000075cc00000, 0x000000075ce00000, 0x000000075ce00000|100%| O|  |TAMS 0x000000075cc00000, 0x000000075cc00000| Untracked 
| 231|0x000000075ce00000, 0x000000075d000000, 0x000000075d000000|100%| O|  |TAMS 0x000000075d000000, 0x000000075ce00000| Untracked 
| 232|0x000000075d000000, 0x000000075d200000, 0x000000075d200000|100%| O|  |TAMS 0x000000075d200000, 0x000000075d000000| Untracked 
| 233|0x000000075d200000, 0x000000075d400000, 0x000000075d400000|100%|HS|  |TAMS 0x000000075d200000, 0x000000075d200000| Complete 
| 234|0x000000075d400000, 0x000000075d600000, 0x000000075d600000|100%| O|  |TAMS 0x000000075d600000, 0x000000075d400000| Untracked 
| 235|0x000000075d600000, 0x000000075d800000, 0x000000075d800000|100%| O|  |TAMS 0x000000075d800000, 0x000000075d600000| Untracked 
| 236|0x000000075d800000, 0x000000075da00000, 0x000000075da00000|100%| O|  |TAMS 0x000000075da00000, 0x000000075d800000| Untracked 
| 237|0x000000075da00000, 0x000000075dc00000, 0x000000075dc00000|100%| O|  |TAMS 0x000000075dc00000, 0x000000075da00000| Untracked 
| 238|0x000000075dc00000, 0x000000075de00000, 0x000000075de00000|100%| O|  |TAMS 0x000000075de00000, 0x000000075dc00000| Untracked 
| 239|0x000000075de00000, 0x000000075e000000, 0x000000075e000000|100%| O|  |TAMS 0x000000075e000000, 0x000000075de00000| Untracked 
| 240|0x000000075e000000, 0x000000075e200000, 0x000000075e200000|100%| O|  |TAMS 0x000000075e200000, 0x000000075e000000| Untracked 
| 241|0x000000075e200000, 0x000000075e400000, 0x000000075e400000|100%| O|  |TAMS 0x000000075e400000, 0x000000075e200000| Untracked 
| 242|0x000000075e400000, 0x000000075e600000, 0x000000075e600000|100%| O|  |TAMS 0x000000075e600000, 0x000000075e400000| Untracked 
| 243|0x000000075e600000, 0x000000075e800000, 0x000000075e800000|100%| O|  |TAMS 0x000000075e800000, 0x000000075e600000| Untracked 
| 244|0x000000075e800000, 0x000000075ea00000, 0x000000075ea00000|100%| O|  |TAMS 0x000000075ea00000, 0x000000075e800000| Untracked 
| 245|0x000000075ea00000, 0x000000075ec00000, 0x000000075ec00000|100%| O|  |TAMS 0x000000075ec00000, 0x000000075ea00000| Untracked 
| 246|0x000000075ec00000, 0x000000075ee00000, 0x000000075ee00000|100%| O|  |TAMS 0x000000075ee00000, 0x000000075ec00000| Untracked 
| 247|0x000000075ee00000, 0x000000075f000000, 0x000000075f000000|100%| O|  |TAMS 0x000000075f000000, 0x000000075ee00000| Untracked 
| 248|0x000000075f000000, 0x000000075f200000, 0x000000075f200000|100%| O|  |TAMS 0x000000075f200000, 0x000000075f000000| Untracked 
| 249|0x000000075f200000, 0x000000075f400000, 0x000000075f400000|100%| O|  |TAMS 0x000000075f400000, 0x000000075f200000| Untracked 
| 250|0x000000075f400000, 0x000000075f600000, 0x000000075f600000|100%| O|  |TAMS 0x000000075f600000, 0x000000075f400000| Untracked 
| 251|0x000000075f600000, 0x000000075f800000, 0x000000075f800000|100%| O|  |TAMS 0x000000075f800000, 0x000000075f600000| Untracked 
| 252|0x000000075f800000, 0x000000075fa00000, 0x000000075fa00000|100%| O|  |TAMS 0x000000075fa00000, 0x000000075f800000| Untracked 
| 253|0x000000075fa00000, 0x000000075fc00000, 0x000000075fc00000|100%| O|  |TAMS 0x000000075fc00000, 0x000000075fa00000| Untracked 
| 254|0x000000075fc00000, 0x000000075fe00000, 0x000000075fe00000|100%| O|  |TAMS 0x000000075fe00000, 0x000000075fc00000| Untracked 
| 255|0x000000075fe00000, 0x0000000760000000, 0x0000000760000000|100%| O|  |TAMS 0x0000000760000000, 0x000000075fe00000| Untracked 
| 256|0x0000000760000000, 0x0000000760200000, 0x0000000760200000|100%| O|  |TAMS 0x0000000760200000, 0x0000000760000000| Untracked 
| 257|0x0000000760200000, 0x0000000760400000, 0x0000000760400000|100%| O|  |TAMS 0x0000000760400000, 0x0000000760200000| Untracked 
| 258|0x0000000760400000, 0x0000000760600000, 0x0000000760600000|100%| O|  |TAMS 0x0000000760600000, 0x0000000760400000| Untracked 
| 259|0x0000000760600000, 0x0000000760800000, 0x0000000760800000|100%| O|  |TAMS 0x0000000760800000, 0x0000000760600000| Untracked 
| 260|0x0000000760800000, 0x0000000760a00000, 0x0000000760a00000|100%| O|  |TAMS 0x0000000760a00000, 0x0000000760800000| Untracked 
| 261|0x0000000760a00000, 0x0000000760c00000, 0x0000000760c00000|100%| O|  |TAMS 0x0000000760c00000, 0x0000000760a00000| Untracked 
| 262|0x0000000760c00000, 0x0000000760e00000, 0x0000000760e00000|100%| O|  |TAMS 0x0000000760e00000, 0x0000000760c00000| Untracked 
| 263|0x0000000760e00000, 0x0000000761000000, 0x0000000761000000|100%| O|  |TAMS 0x0000000761000000, 0x0000000760e00000| Untracked 
| 264|0x0000000761000000, 0x0000000761200000, 0x0000000761200000|100%| O|  |TAMS 0x0000000761200000, 0x0000000761000000| Untracked 
| 265|0x0000000761200000, 0x0000000761400000, 0x0000000761400000|100%| O|  |TAMS 0x0000000761400000, 0x0000000761200000| Untracked 
| 266|0x0000000761400000, 0x0000000761600000, 0x0000000761600000|100%| O|  |TAMS 0x0000000761600000, 0x0000000761400000| Untracked 
| 267|0x0000000761600000, 0x0000000761800000, 0x0000000761800000|100%| O|  |TAMS 0x0000000761800000, 0x0000000761600000| Untracked 
| 268|0x0000000761800000, 0x0000000761a00000, 0x0000000761a00000|100%| O|  |TAMS 0x0000000761a00000, 0x0000000761800000| Untracked 
| 269|0x0000000761a00000, 0x0000000761c00000, 0x0000000761c00000|100%| O|  |TAMS 0x0000000761c00000, 0x0000000761a00000| Untracked 
| 270|0x0000000761c00000, 0x0000000761e00000, 0x0000000761e00000|100%| O|  |TAMS 0x0000000761e00000, 0x0000000761c00000| Untracked 
| 271|0x0000000761e00000, 0x0000000762000000, 0x0000000762000000|100%| O|  |TAMS 0x0000000762000000, 0x0000000761e00000| Untracked 
| 272|0x0000000762000000, 0x0000000762200000, 0x0000000762200000|100%| O|  |TAMS 0x0000000762200000, 0x0000000762000000| Untracked 
| 273|0x0000000762200000, 0x0000000762400000, 0x0000000762400000|100%| O|  |TAMS 0x0000000762400000, 0x0000000762200000| Untracked 
| 274|0x0000000762400000, 0x0000000762600000, 0x0000000762600000|100%| O|  |TAMS 0x0000000762600000, 0x0000000762400000| Untracked 
| 275|0x0000000762600000, 0x0000000762800000, 0x0000000762800000|100%| O|  |TAMS 0x0000000762800000, 0x0000000762600000| Untracked 
| 276|0x0000000762800000, 0x0000000762a00000, 0x0000000762a00000|100%| O|  |TAMS 0x0000000762a00000, 0x0000000762800000| Untracked 
| 277|0x0000000762a00000, 0x0000000762c00000, 0x0000000762c00000|100%| O|  |TAMS 0x0000000762c00000, 0x0000000762a00000| Untracked 
| 278|0x0000000762c00000, 0x0000000762e00000, 0x0000000762e00000|100%| O|  |TAMS 0x0000000762e00000, 0x0000000762c00000| Untracked 
| 279|0x0000000762e00000, 0x0000000763000000, 0x0000000763000000|100%| O|  |TAMS 0x0000000763000000, 0x0000000762e00000| Untracked 
| 280|0x0000000763000000, 0x0000000763200000, 0x0000000763200000|100%| O|  |TAMS 0x0000000763200000, 0x0000000763000000| Untracked 
| 281|0x0000000763200000, 0x0000000763400000, 0x0000000763400000|100%| O|  |TAMS 0x0000000763400000, 0x0000000763200000| Untracked 
| 282|0x0000000763400000, 0x0000000763600000, 0x0000000763600000|100%| O|  |TAMS 0x0000000763600000, 0x0000000763400000| Untracked 
| 283|0x0000000763600000, 0x0000000763800000, 0x0000000763800000|100%| O|  |TAMS 0x0000000763800000, 0x0000000763600000| Untracked 
| 284|0x0000000763800000, 0x0000000763a00000, 0x0000000763a00000|100%| O|  |TAMS 0x0000000763a00000, 0x0000000763800000| Untracked 
| 285|0x0000000763a00000, 0x0000000763c00000, 0x0000000763c00000|100%| O|  |TAMS 0x0000000763c00000, 0x0000000763a00000| Untracked 
| 286|0x0000000763c00000, 0x0000000763e00000, 0x0000000763e00000|100%| O|  |TAMS 0x0000000763e00000, 0x0000000763c00000| Untracked 
| 287|0x0000000763e00000, 0x0000000764000000, 0x0000000764000000|100%| O|  |TAMS 0x0000000764000000, 0x0000000763e00000| Untracked 
| 288|0x0000000764000000, 0x0000000764200000, 0x0000000764200000|100%| O|  |TAMS 0x0000000764200000, 0x0000000764000000| Untracked 
| 289|0x0000000764200000, 0x0000000764400000, 0x0000000764400000|100%| O|  |TAMS 0x0000000764400000, 0x0000000764200000| Untracked 
| 290|0x0000000764400000, 0x0000000764600000, 0x0000000764600000|100%| O|  |TAMS 0x0000000764600000, 0x0000000764400000| Untracked 
| 291|0x0000000764600000, 0x0000000764800000, 0x0000000764800000|100%| O|  |TAMS 0x0000000764800000, 0x0000000764600000| Untracked 
| 292|0x0000000764800000, 0x0000000764a00000, 0x0000000764a00000|100%| O|  |TAMS 0x0000000764a00000, 0x0000000764800000| Untracked 
| 293|0x0000000764a00000, 0x0000000764c00000, 0x0000000764c00000|100%| O|  |TAMS 0x0000000764c00000, 0x0000000764a00000| Untracked 
| 294|0x0000000764c00000, 0x0000000764e00000, 0x0000000764e00000|100%| O|  |TAMS 0x0000000764e00000, 0x0000000764c00000| Untracked 
| 295|0x0000000764e00000, 0x0000000765000000, 0x0000000765000000|100%| O|  |TAMS 0x0000000765000000, 0x0000000764e00000| Untracked 
| 296|0x0000000765000000, 0x0000000765200000, 0x0000000765200000|100%| O|  |TAMS 0x0000000765200000, 0x0000000765000000| Untracked 
| 297|0x0000000765200000, 0x0000000765400000, 0x0000000765400000|100%| O|  |TAMS 0x0000000765400000, 0x0000000765200000| Untracked 
| 298|0x0000000765400000, 0x0000000765600000, 0x0000000765600000|100%| O|  |TAMS 0x0000000765600000, 0x0000000765400000| Untracked 
| 299|0x0000000765600000, 0x0000000765800000, 0x0000000765800000|100%| O|  |TAMS 0x0000000765800000, 0x0000000765600000| Untracked 
| 300|0x0000000765800000, 0x0000000765a00000, 0x0000000765a00000|100%| O|  |TAMS 0x0000000765a00000, 0x0000000765800000| Untracked 
| 301|0x0000000765a00000, 0x0000000765c00000, 0x0000000765c00000|100%| O|  |TAMS 0x0000000765c00000, 0x0000000765a00000| Untracked 
| 302|0x0000000765c00000, 0x0000000765e00000, 0x0000000765e00000|100%| O|  |TAMS 0x0000000765e00000, 0x0000000765c00000| Untracked 
| 303|0x0000000765e00000, 0x0000000766000000, 0x0000000766000000|100%| O|  |TAMS 0x0000000766000000, 0x0000000765e00000| Untracked 
| 304|0x0000000766000000, 0x0000000766200000, 0x0000000766200000|100%| O|  |TAMS 0x0000000766200000, 0x0000000766000000| Untracked 
| 305|0x0000000766200000, 0x0000000766400000, 0x0000000766400000|100%| O|  |TAMS 0x0000000766400000, 0x0000000766200000| Untracked 
| 306|0x0000000766400000, 0x0000000766600000, 0x0000000766600000|100%| O|  |TAMS 0x0000000766600000, 0x0000000766400000| Untracked 
| 307|0x0000000766600000, 0x0000000766800000, 0x0000000766800000|100%| O|  |TAMS 0x0000000766800000, 0x0000000766600000| Untracked 
| 308|0x0000000766800000, 0x0000000766a00000, 0x0000000766a00000|100%| O|  |TAMS 0x0000000766a00000, 0x0000000766800000| Untracked 
| 309|0x0000000766a00000, 0x0000000766c00000, 0x0000000766c00000|100%| O|  |TAMS 0x0000000766c00000, 0x0000000766a00000| Untracked 
| 310|0x0000000766c00000, 0x0000000766e00000, 0x0000000766e00000|100%| O|  |TAMS 0x0000000766e00000, 0x0000000766c00000| Untracked 
| 311|0x0000000766e00000, 0x0000000767000000, 0x0000000767000000|100%| O|  |TAMS 0x0000000767000000, 0x0000000766e00000| Untracked 
| 312|0x0000000767000000, 0x0000000767200000, 0x0000000767200000|100%| O|  |TAMS 0x0000000767200000, 0x0000000767000000| Untracked 
| 313|0x0000000767200000, 0x0000000767400000, 0x0000000767400000|100%| O|  |TAMS 0x0000000767400000, 0x0000000767200000| Untracked 
| 314|0x0000000767400000, 0x0000000767600000, 0x0000000767600000|100%| O|  |TAMS 0x0000000767600000, 0x0000000767400000| Untracked 
| 315|0x0000000767600000, 0x0000000767800000, 0x0000000767800000|100%| O|  |TAMS 0x0000000767800000, 0x0000000767600000| Untracked 
| 316|0x0000000767800000, 0x0000000767a00000, 0x0000000767a00000|100%| O|  |TAMS 0x0000000767a00000, 0x0000000767800000| Untracked 
| 317|0x0000000767a00000, 0x0000000767c00000, 0x0000000767c00000|100%| O|  |TAMS 0x0000000767c00000, 0x0000000767a00000| Untracked 
| 318|0x0000000767c00000, 0x0000000767e00000, 0x0000000767e00000|100%| O|  |TAMS 0x0000000767e00000, 0x0000000767c00000| Untracked 
| 319|0x0000000767e00000, 0x0000000768000000, 0x0000000768000000|100%| O|  |TAMS 0x0000000768000000, 0x0000000767e00000| Untracked 
| 320|0x0000000768000000, 0x0000000768200000, 0x0000000768200000|100%| O|  |TAMS 0x0000000768200000, 0x0000000768000000| Untracked 
| 321|0x0000000768200000, 0x0000000768400000, 0x0000000768400000|100%| O|  |TAMS 0x0000000768289c00, 0x0000000768200000| Untracked 
| 322|0x0000000768400000, 0x0000000768600000, 0x0000000768600000|100%| O|  |TAMS 0x0000000768400000, 0x0000000768400000| Untracked 
| 323|0x0000000768600000, 0x0000000768800000, 0x0000000768800000|100%| O|  |TAMS 0x0000000768600000, 0x0000000768600000| Untracked 
| 324|0x0000000768800000, 0x0000000768a00000, 0x0000000768a00000|100%| O|  |TAMS 0x0000000768800000, 0x0000000768800000| Untracked 
| 325|0x0000000768a00000, 0x0000000768c00000, 0x0000000768c00000|100%| O|  |TAMS 0x0000000768a00000, 0x0000000768a00000| Untracked 
| 326|0x0000000768c00000, 0x0000000768e00000, 0x0000000768e00000|100%| O|  |TAMS 0x0000000768c00000, 0x0000000768c00000| Untracked 
| 327|0x0000000768e00000, 0x0000000769000000, 0x0000000769000000|100%| O|  |TAMS 0x0000000768e00000, 0x0000000768e00000| Untracked 
| 328|0x0000000769000000, 0x0000000769200000, 0x0000000769200000|100%| O|  |TAMS 0x0000000769000000, 0x0000000769000000| Untracked 
| 329|0x0000000769200000, 0x0000000769400000, 0x0000000769400000|100%| O|  |TAMS 0x0000000769200000, 0x0000000769200000| Untracked 
| 330|0x0000000769400000, 0x0000000769600000, 0x0000000769600000|100%| O|  |TAMS 0x0000000769400000, 0x0000000769400000| Untracked 
| 331|0x0000000769600000, 0x0000000769800000, 0x0000000769800000|100%| O|  |TAMS 0x0000000769600000, 0x0000000769600000| Untracked 
| 332|0x0000000769800000, 0x0000000769a00000, 0x0000000769a00000|100%| O|  |TAMS 0x0000000769800000, 0x0000000769800000| Untracked 
| 333|0x0000000769a00000, 0x0000000769c00000, 0x0000000769c00000|100%| O|  |TAMS 0x0000000769a00000, 0x0000000769a00000| Untracked 
| 334|0x0000000769c00000, 0x0000000769e00000, 0x0000000769e00000|100%| O|  |TAMS 0x0000000769c00000, 0x0000000769c00000| Untracked 
| 335|0x0000000769e00000, 0x000000076a000000, 0x000000076a000000|100%| O|  |TAMS 0x0000000769e00000, 0x0000000769e00000| Untracked 
| 336|0x000000076a000000, 0x000000076a200000, 0x000000076a200000|100%| O|  |TAMS 0x000000076a000000, 0x000000076a000000| Untracked 
| 337|0x000000076a200000, 0x000000076a30e800, 0x000000076a400000| 52%| O|  |TAMS 0x000000076a200000, 0x000000076a200000| Untracked 
| 338|0x000000076a400000, 0x000000076a400000, 0x000000076a600000|  0%| F|  |TAMS 0x000000076a400000, 0x000000076a400000| Untracked 
| 339|0x000000076a600000, 0x000000076a600000, 0x000000076a800000|  0%| F|  |TAMS 0x000000076a600000, 0x000000076a600000| Untracked 
| 340|0x000000076a800000, 0x000000076a800000, 0x000000076aa00000|  0%| F|  |TAMS 0x000000076a800000, 0x000000076a800000| Untracked 
| 341|0x000000076aa00000, 0x000000076aa00000, 0x000000076ac00000|  0%| F|  |TAMS 0x000000076aa00000, 0x000000076aa00000| Untracked 
| 342|0x000000076ac00000, 0x000000076ac00000, 0x000000076ae00000|  0%| F|  |TAMS 0x000000076ac00000, 0x000000076ac00000| Untracked 
| 343|0x000000076ae00000, 0x000000076ae00000, 0x000000076b000000|  0%| F|  |TAMS 0x000000076ae00000, 0x000000076ae00000| Untracked 
| 344|0x000000076b000000, 0x000000076b000000, 0x000000076b200000|  0%| F|  |TAMS 0x000000076b000000, 0x000000076b000000| Untracked 
| 345|0x000000076b200000, 0x000000076b200000, 0x000000076b400000|  0%| F|  |TAMS 0x000000076b200000, 0x000000076b200000| Untracked 
| 346|0x000000076b400000, 0x000000076b400000, 0x000000076b600000|  0%| F|  |TAMS 0x000000076b400000, 0x000000076b400000| Untracked 
| 347|0x000000076b600000, 0x000000076b600000, 0x000000076b800000|  0%| F|  |TAMS 0x000000076b600000, 0x000000076b600000| Untracked 
| 348|0x000000076b800000, 0x000000076b800000, 0x000000076ba00000|  0%| F|  |TAMS 0x000000076b800000, 0x000000076b800000| Untracked 
| 349|0x000000076ba00000, 0x000000076ba00000, 0x000000076bc00000|  0%| F|  |TAMS 0x000000076ba00000, 0x000000076ba00000| Untracked 
| 350|0x000000076bc00000, 0x000000076bc00000, 0x000000076be00000|  0%| F|  |TAMS 0x000000076bc00000, 0x000000076bc00000| Untracked 
| 351|0x000000076be00000, 0x000000076c000000, 0x000000076c000000|100%|HS|  |TAMS 0x000000076be00000, 0x000000076be00000| Complete 
| 352|0x000000076c000000, 0x000000076c200000, 0x000000076c200000|100%|HS|  |TAMS 0x000000076c000000, 0x000000076c000000| Complete 
| 353|0x000000076c200000, 0x000000076c400000, 0x000000076c400000|100%| O|  |TAMS 0x000000076c200000, 0x000000076c200000| Untracked 
| 354|0x000000076c400000, 0x000000076c600000, 0x000000076c600000|100%| O|  |TAMS 0x000000076c400000, 0x000000076c400000| Untracked 
| 355|0x000000076c600000, 0x000000076c800000, 0x000000076c800000|100%| O|  |TAMS 0x000000076c600000, 0x000000076c600000| Untracked 
| 356|0x000000076c800000, 0x000000076ca00000, 0x000000076ca00000|100%| O|  |TAMS 0x000000076c800000, 0x000000076c800000| Untracked 
| 357|0x000000076ca00000, 0x000000076cc00000, 0x000000076cc00000|100%| O|  |TAMS 0x000000076ca00000, 0x000000076ca00000| Untracked 
| 358|0x000000076cc00000, 0x000000076cc00000, 0x000000076ce00000|  0%| F|  |TAMS 0x000000076cc00000, 0x000000076cc00000| Untracked 
| 359|0x000000076ce00000, 0x000000076ce00000, 0x000000076d000000|  0%| F|  |TAMS 0x000000076ce00000, 0x000000076ce00000| Untracked 
| 360|0x000000076d000000, 0x000000076d000000, 0x000000076d200000|  0%| F|  |TAMS 0x000000076d000000, 0x000000076d000000| Untracked 
| 361|0x000000076d200000, 0x000000076d200000, 0x000000076d400000|  0%| F|  |TAMS 0x000000076d200000, 0x000000076d200000| Untracked 
| 362|0x000000076d400000, 0x000000076d400000, 0x000000076d600000|  0%| F|  |TAMS 0x000000076d400000, 0x000000076d400000| Untracked 
| 363|0x000000076d600000, 0x000000076d600000, 0x000000076d800000|  0%| F|  |TAMS 0x000000076d600000, 0x000000076d600000| Untracked 
| 364|0x000000076d800000, 0x000000076d800000, 0x000000076da00000|  0%| F|  |TAMS 0x000000076d800000, 0x000000076d800000| Untracked 
| 365|0x000000076da00000, 0x000000076da00000, 0x000000076dc00000|  0%| F|  |TAMS 0x000000076da00000, 0x000000076da00000| Untracked 
| 366|0x000000076dc00000, 0x000000076dc00000, 0x000000076de00000|  0%| F|  |TAMS 0x000000076dc00000, 0x000000076dc00000| Untracked 
| 367|0x000000076de00000, 0x000000076de00000, 0x000000076e000000|  0%| F|  |TAMS 0x000000076de00000, 0x000000076de00000| Untracked 
| 368|0x000000076e000000, 0x000000076e000000, 0x000000076e200000|  0%| F|  |TAMS 0x000000076e000000, 0x000000076e000000| Untracked 
| 369|0x000000076e200000, 0x000000076e200000, 0x000000076e400000|  0%| F|  |TAMS 0x000000076e200000, 0x000000076e200000| Untracked 
| 370|0x000000076e400000, 0x000000076e400000, 0x000000076e600000|  0%| F|  |TAMS 0x000000076e400000, 0x000000076e400000| Untracked 
| 371|0x000000076e600000, 0x000000076e600000, 0x000000076e800000|  0%| F|  |TAMS 0x000000076e600000, 0x000000076e600000| Untracked 
| 372|0x000000076e800000, 0x000000076e800000, 0x000000076ea00000|  0%| F|  |TAMS 0x000000076e800000, 0x000000076e800000| Untracked 
| 373|0x000000076ea00000, 0x000000076ea00000, 0x000000076ec00000|  0%| F|  |TAMS 0x000000076ea00000, 0x000000076ea00000| Untracked 
| 374|0x000000076ec00000, 0x000000076ec00000, 0x000000076ee00000|  0%| F|  |TAMS 0x000000076ec00000, 0x000000076ec00000| Untracked 
| 375|0x000000076ee00000, 0x000000076ee00000, 0x000000076f000000|  0%| F|  |TAMS 0x000000076ee00000, 0x000000076ee00000| Untracked 
| 376|0x000000076f000000, 0x000000076f000000, 0x000000076f200000|  0%| F|  |TAMS 0x000000076f000000, 0x000000076f000000| Untracked 
| 377|0x000000076f200000, 0x000000076f200000, 0x000000076f400000|  0%| F|  |TAMS 0x000000076f200000, 0x000000076f200000| Untracked 
| 378|0x000000076f400000, 0x000000076f400000, 0x000000076f600000|  0%| F|  |TAMS 0x000000076f400000, 0x000000076f400000| Untracked 
| 379|0x000000076f600000, 0x000000076f600000, 0x000000076f800000|  0%| F|  |TAMS 0x000000076f600000, 0x000000076f600000| Untracked 
| 380|0x000000076f800000, 0x000000076f800000, 0x000000076fa00000|  0%| F|  |TAMS 0x000000076f800000, 0x000000076f800000| Untracked 
| 381|0x000000076fa00000, 0x000000076fa00000, 0x000000076fc00000|  0%| F|  |TAMS 0x000000076fa00000, 0x000000076fa00000| Untracked 
| 382|0x000000076fc00000, 0x000000076fc00000, 0x000000076fe00000|  0%| F|  |TAMS 0x000000076fc00000, 0x000000076fc00000| Untracked 
| 383|0x000000076fe00000, 0x000000076fe00000, 0x0000000770000000|  0%| F|  |TAMS 0x000000076fe00000, 0x000000076fe00000| Untracked 
| 384|0x0000000770000000, 0x0000000770000000, 0x0000000770200000|  0%| F|  |TAMS 0x0000000770000000, 0x0000000770000000| Untracked 
| 385|0x0000000770200000, 0x0000000770200000, 0x0000000770400000|  0%| F|  |TAMS 0x0000000770200000, 0x0000000770200000| Untracked 
| 386|0x0000000770400000, 0x0000000770400000, 0x0000000770600000|  0%| F|  |TAMS 0x0000000770400000, 0x0000000770400000| Untracked 
| 387|0x0000000770600000, 0x0000000770600000, 0x0000000770800000|  0%| F|  |TAMS 0x0000000770600000, 0x0000000770600000| Untracked 
| 388|0x0000000770800000, 0x0000000770800000, 0x0000000770a00000|  0%| F|  |TAMS 0x0000000770800000, 0x0000000770800000| Untracked 
| 389|0x0000000770a00000, 0x0000000770a00000, 0x0000000770c00000|  0%| F|  |TAMS 0x0000000770a00000, 0x0000000770a00000| Untracked 
| 390|0x0000000770c00000, 0x0000000770c00000, 0x0000000770e00000|  0%| F|  |TAMS 0x0000000770c00000, 0x0000000770c00000| Untracked 
| 391|0x0000000770e00000, 0x0000000770e00000, 0x0000000771000000|  0%| F|  |TAMS 0x0000000770e00000, 0x0000000770e00000| Untracked 
| 392|0x0000000771000000, 0x0000000771000000, 0x0000000771200000|  0%| F|  |TAMS 0x0000000771000000, 0x0000000771000000| Untracked 
| 393|0x0000000771200000, 0x0000000771200000, 0x0000000771400000|  0%| F|  |TAMS 0x0000000771200000, 0x0000000771200000| Untracked 
| 394|0x0000000771400000, 0x0000000771400000, 0x0000000771600000|  0%| F|  |TAMS 0x0000000771400000, 0x0000000771400000| Untracked 
| 395|0x0000000771600000, 0x0000000771600000, 0x0000000771800000|  0%| F|  |TAMS 0x0000000771600000, 0x0000000771600000| Untracked 
| 396|0x0000000771800000, 0x0000000771800000, 0x0000000771a00000|  0%| F|  |TAMS 0x0000000771800000, 0x0000000771800000| Untracked 
| 397|0x0000000771a00000, 0x0000000771a00000, 0x0000000771c00000|  0%| F|  |TAMS 0x0000000771a00000, 0x0000000771a00000| Untracked 
| 398|0x0000000771c00000, 0x0000000771c00000, 0x0000000771e00000|  0%| F|  |TAMS 0x0000000771c00000, 0x0000000771c00000| Untracked 
| 399|0x0000000771e00000, 0x0000000771e00000, 0x0000000772000000|  0%| F|  |TAMS 0x0000000771e00000, 0x0000000771e00000| Untracked 
| 400|0x0000000772000000, 0x0000000772000000, 0x0000000772200000|  0%| F|  |TAMS 0x0000000772000000, 0x0000000772000000| Untracked 
| 401|0x0000000772200000, 0x0000000772200000, 0x0000000772400000|  0%| F|  |TAMS 0x0000000772200000, 0x0000000772200000| Untracked 
| 402|0x0000000772400000, 0x0000000772400000, 0x0000000772600000|  0%| F|  |TAMS 0x0000000772400000, 0x0000000772400000| Untracked 
| 403|0x0000000772600000, 0x0000000772600000, 0x0000000772800000|  0%| F|  |TAMS 0x0000000772600000, 0x0000000772600000| Untracked 
| 404|0x0000000772800000, 0x0000000772800000, 0x0000000772a00000|  0%| F|  |TAMS 0x0000000772800000, 0x0000000772800000| Untracked 
| 405|0x0000000772a00000, 0x0000000772a00000, 0x0000000772c00000|  0%| F|  |TAMS 0x0000000772a00000, 0x0000000772a00000| Untracked 
| 406|0x0000000772c00000, 0x0000000772c00000, 0x0000000772e00000|  0%| F|  |TAMS 0x0000000772c00000, 0x0000000772c00000| Untracked 
| 407|0x0000000772e00000, 0x0000000772e00000, 0x0000000773000000|  0%| F|  |TAMS 0x0000000772e00000, 0x0000000772e00000| Untracked 
| 408|0x0000000773000000, 0x0000000773000000, 0x0000000773200000|  0%| F|  |TAMS 0x0000000773000000, 0x0000000773000000| Untracked 
| 409|0x0000000773200000, 0x0000000773200000, 0x0000000773400000|  0%| F|  |TAMS 0x0000000773200000, 0x0000000773200000| Untracked 
| 410|0x0000000773400000, 0x0000000773400000, 0x0000000773600000|  0%| F|  |TAMS 0x0000000773400000, 0x0000000773400000| Untracked 
| 411|0x0000000773600000, 0x0000000773600000, 0x0000000773800000|  0%| F|  |TAMS 0x0000000773600000, 0x0000000773600000| Untracked 
| 412|0x0000000773800000, 0x0000000773800000, 0x0000000773a00000|  0%| F|  |TAMS 0x0000000773800000, 0x0000000773800000| Untracked 
| 413|0x0000000773a00000, 0x0000000773a00000, 0x0000000773c00000|  0%| F|  |TAMS 0x0000000773a00000, 0x0000000773a00000| Untracked 
| 414|0x0000000773c00000, 0x0000000773c00000, 0x0000000773e00000|  0%| F|  |TAMS 0x0000000773c00000, 0x0000000773c00000| Untracked 
| 415|0x0000000773e00000, 0x0000000773e00000, 0x0000000774000000|  0%| F|  |TAMS 0x0000000773e00000, 0x0000000773e00000| Untracked 
| 416|0x0000000774000000, 0x0000000774000000, 0x0000000774200000|  0%| F|  |TAMS 0x0000000774000000, 0x0000000774000000| Untracked 
| 417|0x0000000774200000, 0x0000000774200000, 0x0000000774400000|  0%| F|  |TAMS 0x0000000774200000, 0x0000000774200000| Untracked 
| 418|0x0000000774400000, 0x0000000774400000, 0x0000000774600000|  0%| F|  |TAMS 0x0000000774400000, 0x0000000774400000| Untracked 
| 419|0x0000000774600000, 0x0000000774600000, 0x0000000774800000|  0%| F|  |TAMS 0x0000000774600000, 0x0000000774600000| Untracked 
| 420|0x0000000774800000, 0x0000000774800000, 0x0000000774a00000|  0%| F|  |TAMS 0x0000000774800000, 0x0000000774800000| Untracked 
| 421|0x0000000774a00000, 0x0000000774a00000, 0x0000000774c00000|  0%| F|  |TAMS 0x0000000774a00000, 0x0000000774a00000| Untracked 
| 422|0x0000000774c00000, 0x0000000774c00000, 0x0000000774e00000|  0%| F|  |TAMS 0x0000000774c00000, 0x0000000774c00000| Untracked 
| 423|0x0000000774e00000, 0x0000000774e00000, 0x0000000775000000|  0%| F|  |TAMS 0x0000000774e00000, 0x0000000774e00000| Untracked 
| 424|0x0000000775000000, 0x0000000775000000, 0x0000000775200000|  0%| F|  |TAMS 0x0000000775000000, 0x0000000775000000| Untracked 
| 425|0x0000000775200000, 0x0000000775200000, 0x0000000775400000|  0%| F|  |TAMS 0x0000000775200000, 0x0000000775200000| Untracked 
| 426|0x0000000775400000, 0x0000000775400000, 0x0000000775600000|  0%| F|  |TAMS 0x0000000775400000, 0x0000000775400000| Untracked 
| 427|0x0000000775600000, 0x0000000775600000, 0x0000000775800000|  0%| F|  |TAMS 0x0000000775600000, 0x0000000775600000| Untracked 
| 428|0x0000000775800000, 0x0000000775800000, 0x0000000775a00000|  0%| F|  |TAMS 0x0000000775800000, 0x0000000775800000| Untracked 
| 429|0x0000000775a00000, 0x0000000775a00000, 0x0000000775c00000|  0%| F|  |TAMS 0x0000000775a00000, 0x0000000775a00000| Untracked 
| 430|0x0000000775c00000, 0x0000000775c00000, 0x0000000775e00000|  0%| F|  |TAMS 0x0000000775c00000, 0x0000000775c00000| Untracked 
| 431|0x0000000775e00000, 0x0000000775e00000, 0x0000000776000000|  0%| F|  |TAMS 0x0000000775e00000, 0x0000000775e00000| Untracked 
| 432|0x0000000776000000, 0x0000000776000000, 0x0000000776200000|  0%| F|  |TAMS 0x0000000776000000, 0x0000000776000000| Untracked 
| 433|0x0000000776200000, 0x0000000776200000, 0x0000000776400000|  0%| F|  |TAMS 0x0000000776200000, 0x0000000776200000| Untracked 
| 434|0x0000000776400000, 0x0000000776400000, 0x0000000776600000|  0%| F|  |TAMS 0x0000000776400000, 0x0000000776400000| Untracked 
| 435|0x0000000776600000, 0x0000000776600000, 0x0000000776800000|  0%| F|  |TAMS 0x0000000776600000, 0x0000000776600000| Untracked 
| 436|0x0000000776800000, 0x0000000776800000, 0x0000000776a00000|  0%| F|  |TAMS 0x0000000776800000, 0x0000000776800000| Untracked 
| 437|0x0000000776a00000, 0x0000000776a00000, 0x0000000776c00000|  0%| F|  |TAMS 0x0000000776a00000, 0x0000000776a00000| Untracked 
| 438|0x0000000776c00000, 0x0000000776c00000, 0x0000000776e00000|  0%| F|  |TAMS 0x0000000776c00000, 0x0000000776c00000| Untracked 
| 439|0x0000000776e00000, 0x0000000776e00000, 0x0000000777000000|  0%| F|  |TAMS 0x0000000776e00000, 0x0000000776e00000| Untracked 
| 440|0x0000000777000000, 0x0000000777000000, 0x0000000777200000|  0%| F|  |TAMS 0x0000000777000000, 0x0000000777000000| Untracked 
| 441|0x0000000777200000, 0x0000000777200000, 0x0000000777400000|  0%| F|  |TAMS 0x0000000777200000, 0x0000000777200000| Untracked 
| 442|0x0000000777400000, 0x0000000777400000, 0x0000000777600000|  0%| F|  |TAMS 0x0000000777400000, 0x0000000777400000| Untracked 
| 443|0x0000000777600000, 0x0000000777600000, 0x0000000777800000|  0%| F|  |TAMS 0x0000000777600000, 0x0000000777600000| Untracked 
| 444|0x0000000777800000, 0x0000000777800000, 0x0000000777a00000|  0%| F|  |TAMS 0x0000000777800000, 0x0000000777800000| Untracked 
| 445|0x0000000777a00000, 0x0000000777a00000, 0x0000000777c00000|  0%| F|  |TAMS 0x0000000777a00000, 0x0000000777a00000| Untracked 
| 446|0x0000000777c00000, 0x0000000777c00000, 0x0000000777e00000|  0%| F|  |TAMS 0x0000000777c00000, 0x0000000777c00000| Untracked 
| 447|0x0000000777e00000, 0x0000000777e00000, 0x0000000778000000|  0%| F|  |TAMS 0x0000000777e00000, 0x0000000777e00000| Untracked 
| 448|0x0000000778000000, 0x0000000778000000, 0x0000000778200000|  0%| F|  |TAMS 0x0000000778000000, 0x0000000778000000| Untracked 
| 449|0x0000000778200000, 0x0000000778200000, 0x0000000778400000|  0%| F|  |TAMS 0x0000000778200000, 0x0000000778200000| Untracked 
| 450|0x0000000778400000, 0x0000000778400000, 0x0000000778600000|  0%| F|  |TAMS 0x0000000778400000, 0x0000000778400000| Untracked 
| 451|0x0000000778600000, 0x0000000778600000, 0x0000000778800000|  0%| F|  |TAMS 0x0000000778600000, 0x0000000778600000| Untracked 
| 452|0x0000000778800000, 0x0000000778800000, 0x0000000778a00000|  0%| F|  |TAMS 0x0000000778800000, 0x0000000778800000| Untracked 
| 453|0x0000000778a00000, 0x0000000778a00000, 0x0000000778c00000|  0%| F|  |TAMS 0x0000000778a00000, 0x0000000778a00000| Untracked 
| 454|0x0000000778c00000, 0x0000000778c00000, 0x0000000778e00000|  0%| F|  |TAMS 0x0000000778c00000, 0x0000000778c00000| Untracked 
| 455|0x0000000778e00000, 0x0000000778e00000, 0x0000000779000000|  0%| F|  |TAMS 0x0000000778e00000, 0x0000000778e00000| Untracked 
| 456|0x0000000779000000, 0x0000000779000000, 0x0000000779200000|  0%| F|  |TAMS 0x0000000779000000, 0x0000000779000000| Untracked 
| 457|0x0000000779200000, 0x0000000779200000, 0x0000000779400000|  0%| F|  |TAMS 0x0000000779200000, 0x0000000779200000| Untracked 
| 458|0x0000000779400000, 0x0000000779400000, 0x0000000779600000|  0%| F|  |TAMS 0x0000000779400000, 0x0000000779400000| Untracked 
| 459|0x0000000779600000, 0x0000000779600000, 0x0000000779800000|  0%| F|  |TAMS 0x0000000779600000, 0x0000000779600000| Untracked 
| 460|0x0000000779800000, 0x0000000779800000, 0x0000000779a00000|  0%| F|  |TAMS 0x0000000779800000, 0x0000000779800000| Untracked 
| 461|0x0000000779a00000, 0x0000000779a00000, 0x0000000779c00000|  0%| F|  |TAMS 0x0000000779a00000, 0x0000000779a00000| Untracked 
| 462|0x0000000779c00000, 0x0000000779c00000, 0x0000000779e00000|  0%| F|  |TAMS 0x0000000779c00000, 0x0000000779c00000| Untracked 
| 463|0x0000000779e00000, 0x0000000779e00000, 0x000000077a000000|  0%| F|  |TAMS 0x0000000779e00000, 0x0000000779e00000| Untracked 
| 464|0x000000077a000000, 0x000000077a000000, 0x000000077a200000|  0%| F|  |TAMS 0x000000077a000000, 0x000000077a000000| Untracked 
| 465|0x000000077a200000, 0x000000077a200000, 0x000000077a400000|  0%| F|  |TAMS 0x000000077a200000, 0x000000077a200000| Untracked 
| 466|0x000000077a400000, 0x000000077a400000, 0x000000077a600000|  0%| F|  |TAMS 0x000000077a400000, 0x000000077a400000| Untracked 
| 467|0x000000077a600000, 0x000000077a600000, 0x000000077a800000|  0%| F|  |TAMS 0x000000077a600000, 0x000000077a600000| Untracked 
| 468|0x000000077a800000, 0x000000077a800000, 0x000000077aa00000|  0%| F|  |TAMS 0x000000077a800000, 0x000000077a800000| Untracked 
| 469|0x000000077aa00000, 0x000000077aa00000, 0x000000077ac00000|  0%| F|  |TAMS 0x000000077aa00000, 0x000000077aa00000| Untracked 
| 470|0x000000077ac00000, 0x000000077ac00000, 0x000000077ae00000|  0%| F|  |TAMS 0x000000077ac00000, 0x000000077ac00000| Untracked 
| 471|0x000000077ae00000, 0x000000077ae00000, 0x000000077b000000|  0%| F|  |TAMS 0x000000077ae00000, 0x000000077ae00000| Untracked 
| 472|0x000000077b000000, 0x000000077b000000, 0x000000077b200000|  0%| F|  |TAMS 0x000000077b000000, 0x000000077b000000| Untracked 
| 473|0x000000077b200000, 0x000000077b200000, 0x000000077b400000|  0%| F|  |TAMS 0x000000077b200000, 0x000000077b200000| Untracked 
| 474|0x000000077b400000, 0x000000077b400000, 0x000000077b600000|  0%| F|  |TAMS 0x000000077b400000, 0x000000077b400000| Untracked 
| 475|0x000000077b600000, 0x000000077b600000, 0x000000077b800000|  0%| F|  |TAMS 0x000000077b600000, 0x000000077b600000| Untracked 
| 476|0x000000077b800000, 0x000000077b800000, 0x000000077ba00000|  0%| F|  |TAMS 0x000000077b800000, 0x000000077b800000| Untracked 
| 477|0x000000077ba00000, 0x000000077ba00000, 0x000000077bc00000|  0%| F|  |TAMS 0x000000077ba00000, 0x000000077ba00000| Untracked 
| 478|0x000000077bc00000, 0x000000077bc00000, 0x000000077be00000|  0%| F|  |TAMS 0x000000077bc00000, 0x000000077bc00000| Untracked 
| 479|0x000000077be00000, 0x000000077be00000, 0x000000077c000000|  0%| F|  |TAMS 0x000000077be00000, 0x000000077be00000| Untracked 
| 480|0x000000077c000000, 0x000000077c000000, 0x000000077c200000|  0%| F|  |TAMS 0x000000077c000000, 0x000000077c000000| Untracked 
| 481|0x000000077c200000, 0x000000077c200000, 0x000000077c400000|  0%| F|  |TAMS 0x000000077c200000, 0x000000077c200000| Untracked 
| 482|0x000000077c400000, 0x000000077c400000, 0x000000077c600000|  0%| F|  |TAMS 0x000000077c400000, 0x000000077c400000| Untracked 
| 483|0x000000077c600000, 0x000000077c600000, 0x000000077c800000|  0%| F|  |TAMS 0x000000077c600000, 0x000000077c600000| Untracked 
| 484|0x000000077c800000, 0x000000077c800000, 0x000000077ca00000|  0%| F|  |TAMS 0x000000077c800000, 0x000000077c800000| Untracked 
| 485|0x000000077ca00000, 0x000000077ca00000, 0x000000077cc00000|  0%| F|  |TAMS 0x000000077ca00000, 0x000000077ca00000| Untracked 
| 486|0x000000077cc00000, 0x000000077cc00000, 0x000000077ce00000|  0%| F|  |TAMS 0x000000077cc00000, 0x000000077cc00000| Untracked 
| 487|0x000000077ce00000, 0x000000077ce00000, 0x000000077d000000|  0%| F|  |TAMS 0x000000077ce00000, 0x000000077ce00000| Untracked 
| 488|0x000000077d000000, 0x000000077d000000, 0x000000077d200000|  0%| F|  |TAMS 0x000000077d000000, 0x000000077d000000| Untracked 
| 489|0x000000077d200000, 0x000000077d200000, 0x000000077d400000|  0%| F|  |TAMS 0x000000077d200000, 0x000000077d200000| Untracked 
| 490|0x000000077d400000, 0x000000077d400000, 0x000000077d600000|  0%| F|  |TAMS 0x000000077d400000, 0x000000077d400000| Untracked 
| 491|0x000000077d600000, 0x000000077d600000, 0x000000077d800000|  0%| F|  |TAMS 0x000000077d600000, 0x000000077d600000| Untracked 
| 492|0x000000077d800000, 0x000000077d800000, 0x000000077da00000|  0%| F|  |TAMS 0x000000077d800000, 0x000000077d800000| Untracked 
| 493|0x000000077da00000, 0x000000077da00000, 0x000000077dc00000|  0%| F|  |TAMS 0x000000077da00000, 0x000000077da00000| Untracked 
| 494|0x000000077dc00000, 0x000000077dc00000, 0x000000077de00000|  0%| F|  |TAMS 0x000000077dc00000, 0x000000077dc00000| Untracked 
| 495|0x000000077de00000, 0x000000077de00000, 0x000000077e000000|  0%| F|  |TAMS 0x000000077de00000, 0x000000077de00000| Untracked 
| 496|0x000000077e000000, 0x000000077e000000, 0x000000077e200000|  0%| F|  |TAMS 0x000000077e000000, 0x000000077e000000| Untracked 
| 497|0x000000077e200000, 0x000000077e200000, 0x000000077e400000|  0%| F|  |TAMS 0x000000077e200000, 0x000000077e200000| Untracked 
| 498|0x000000077e400000, 0x000000077e400000, 0x000000077e600000|  0%| F|  |TAMS 0x000000077e400000, 0x000000077e400000| Untracked 
| 499|0x000000077e600000, 0x000000077e600000, 0x000000077e800000|  0%| F|  |TAMS 0x000000077e600000, 0x000000077e600000| Untracked 
| 500|0x000000077e800000, 0x000000077e800000, 0x000000077ea00000|  0%| F|  |TAMS 0x000000077e800000, 0x000000077e800000| Untracked 
| 501|0x000000077ea00000, 0x000000077ea00000, 0x000000077ec00000|  0%| F|  |TAMS 0x000000077ea00000, 0x000000077ea00000| Untracked 
| 502|0x000000077ec00000, 0x000000077ec00000, 0x000000077ee00000|  0%| F|  |TAMS 0x000000077ec00000, 0x000000077ec00000| Untracked 
| 503|0x000000077ee00000, 0x000000077ee00000, 0x000000077f000000|  0%| F|  |TAMS 0x000000077ee00000, 0x000000077ee00000| Untracked 
| 504|0x000000077f000000, 0x000000077f000000, 0x000000077f200000|  0%| F|  |TAMS 0x000000077f000000, 0x000000077f000000| Untracked 
| 505|0x000000077f200000, 0x000000077f200000, 0x000000077f400000|  0%| F|  |TAMS 0x000000077f200000, 0x000000077f200000| Untracked 
| 506|0x000000077f400000, 0x000000077f400000, 0x000000077f600000|  0%| F|  |TAMS 0x000000077f400000, 0x000000077f400000| Untracked 
| 507|0x000000077f600000, 0x000000077f600000, 0x000000077f800000|  0%| F|  |TAMS 0x000000077f600000, 0x000000077f600000| Untracked 
| 508|0x000000077f800000, 0x000000077f800000, 0x000000077fa00000|  0%| F|  |TAMS 0x000000077f800000, 0x000000077f800000| Untracked 
| 509|0x000000077fa00000, 0x000000077fa00000, 0x000000077fc00000|  0%| F|  |TAMS 0x000000077fa00000, 0x000000077fa00000| Untracked 
| 510|0x000000077fc00000, 0x000000077fc00000, 0x000000077fe00000|  0%| F|  |TAMS 0x000000077fc00000, 0x000000077fc00000| Untracked 
| 511|0x000000077fe00000, 0x000000077fe00000, 0x0000000780000000|  0%| F|  |TAMS 0x000000077fe00000, 0x000000077fe00000| Untracked 
| 512|0x0000000780000000, 0x0000000780000000, 0x0000000780200000|  0%| F|  |TAMS 0x0000000780000000, 0x0000000780000000| Untracked 
| 513|0x0000000780200000, 0x0000000780200000, 0x0000000780400000|  0%| F|  |TAMS 0x0000000780200000, 0x0000000780200000| Untracked 
| 514|0x0000000780400000, 0x0000000780400000, 0x0000000780600000|  0%| F|  |TAMS 0x0000000780400000, 0x0000000780400000| Untracked 
| 515|0x0000000780600000, 0x0000000780600000, 0x0000000780800000|  0%| F|  |TAMS 0x0000000780600000, 0x0000000780600000| Untracked 
| 516|0x0000000780800000, 0x0000000780800000, 0x0000000780a00000|  0%| F|  |TAMS 0x0000000780800000, 0x0000000780800000| Untracked 
| 517|0x0000000780a00000, 0x0000000780a00000, 0x0000000780c00000|  0%| F|  |TAMS 0x0000000780a00000, 0x0000000780a00000| Untracked 
| 518|0x0000000780c00000, 0x0000000780c00000, 0x0000000780e00000|  0%| F|  |TAMS 0x0000000780c00000, 0x0000000780c00000| Untracked 
| 519|0x0000000780e00000, 0x0000000780e00000, 0x0000000781000000|  0%| F|  |TAMS 0x0000000780e00000, 0x0000000780e00000| Untracked 
| 520|0x0000000781000000, 0x0000000781000000, 0x0000000781200000|  0%| F|  |TAMS 0x0000000781000000, 0x0000000781000000| Untracked 
| 521|0x0000000781200000, 0x0000000781200000, 0x0000000781400000|  0%| F|  |TAMS 0x0000000781200000, 0x0000000781200000| Untracked 
| 522|0x0000000781400000, 0x0000000781400000, 0x0000000781600000|  0%| F|  |TAMS 0x0000000781400000, 0x0000000781400000| Untracked 
| 523|0x0000000781600000, 0x0000000781600000, 0x0000000781800000|  0%| F|  |TAMS 0x0000000781600000, 0x0000000781600000| Untracked 
| 524|0x0000000781800000, 0x0000000781800000, 0x0000000781a00000|  0%| F|  |TAMS 0x0000000781800000, 0x0000000781800000| Untracked 
| 525|0x0000000781a00000, 0x0000000781a00000, 0x0000000781c00000|  0%| F|  |TAMS 0x0000000781a00000, 0x0000000781a00000| Untracked 
| 526|0x0000000781c00000, 0x0000000781c00000, 0x0000000781e00000|  0%| F|  |TAMS 0x0000000781c00000, 0x0000000781c00000| Untracked 
| 527|0x0000000781e00000, 0x0000000781e00000, 0x0000000782000000|  0%| F|  |TAMS 0x0000000781e00000, 0x0000000781e00000| Untracked 
| 528|0x0000000782000000, 0x0000000782000000, 0x0000000782200000|  0%| F|  |TAMS 0x0000000782000000, 0x0000000782000000| Untracked 
| 529|0x0000000782200000, 0x0000000782200000, 0x0000000782400000|  0%| F|  |TAMS 0x0000000782200000, 0x0000000782200000| Untracked 
| 530|0x0000000782400000, 0x0000000782400000, 0x0000000782600000|  0%| F|  |TAMS 0x0000000782400000, 0x0000000782400000| Untracked 
| 531|0x0000000782600000, 0x0000000782600000, 0x0000000782800000|  0%| F|  |TAMS 0x0000000782600000, 0x0000000782600000| Untracked 
| 532|0x0000000782800000, 0x0000000782800000, 0x0000000782a00000|  0%| F|  |TAMS 0x0000000782800000, 0x0000000782800000| Untracked 
| 533|0x0000000782a00000, 0x0000000782a00000, 0x0000000782c00000|  0%| F|  |TAMS 0x0000000782a00000, 0x0000000782a00000| Untracked 
| 534|0x0000000782c00000, 0x0000000782c00000, 0x0000000782e00000|  0%| F|  |TAMS 0x0000000782c00000, 0x0000000782c00000| Untracked 
| 535|0x0000000782e00000, 0x0000000782e00000, 0x0000000783000000|  0%| F|  |TAMS 0x0000000782e00000, 0x0000000782e00000| Untracked 
| 536|0x0000000783000000, 0x0000000783000000, 0x0000000783200000|  0%| F|  |TAMS 0x0000000783000000, 0x0000000783000000| Untracked 
| 537|0x0000000783200000, 0x0000000783200000, 0x0000000783400000|  0%| F|  |TAMS 0x0000000783200000, 0x0000000783200000| Untracked 
| 538|0x0000000783400000, 0x0000000783400000, 0x0000000783600000|  0%| F|  |TAMS 0x0000000783400000, 0x0000000783400000| Untracked 
| 539|0x0000000783600000, 0x0000000783600000, 0x0000000783800000|  0%| F|  |TAMS 0x0000000783600000, 0x0000000783600000| Untracked 
| 540|0x0000000783800000, 0x0000000783800000, 0x0000000783a00000|  0%| F|  |TAMS 0x0000000783800000, 0x0000000783800000| Untracked 
| 541|0x0000000783a00000, 0x0000000783a00000, 0x0000000783c00000|  0%| F|  |TAMS 0x0000000783a00000, 0x0000000783a00000| Untracked 
| 542|0x0000000783c00000, 0x0000000783c00000, 0x0000000783e00000|  0%| F|  |TAMS 0x0000000783c00000, 0x0000000783c00000| Untracked 
| 543|0x0000000783e00000, 0x0000000783e00000, 0x0000000784000000|  0%| F|  |TAMS 0x0000000783e00000, 0x0000000783e00000| Untracked 
| 544|0x0000000784000000, 0x0000000784000000, 0x0000000784200000|  0%| F|  |TAMS 0x0000000784000000, 0x0000000784000000| Untracked 
| 545|0x0000000784200000, 0x0000000784200000, 0x0000000784400000|  0%| F|  |TAMS 0x0000000784200000, 0x0000000784200000| Untracked 
| 546|0x0000000784400000, 0x0000000784400000, 0x0000000784600000|  0%| F|  |TAMS 0x0000000784400000, 0x0000000784400000| Untracked 
| 547|0x0000000784600000, 0x0000000784600000, 0x0000000784800000|  0%| F|  |TAMS 0x0000000784600000, 0x0000000784600000| Untracked 
| 548|0x0000000784800000, 0x0000000784800000, 0x0000000784a00000|  0%| F|  |TAMS 0x0000000784800000, 0x0000000784800000| Untracked 
| 549|0x0000000784a00000, 0x0000000784a00000, 0x0000000784c00000|  0%| F|  |TAMS 0x0000000784a00000, 0x0000000784a00000| Untracked 
| 550|0x0000000784c00000, 0x0000000784c00000, 0x0000000784e00000|  0%| F|  |TAMS 0x0000000784c00000, 0x0000000784c00000| Untracked 
| 551|0x0000000784e00000, 0x0000000784e00000, 0x0000000785000000|  0%| F|  |TAMS 0x0000000784e00000, 0x0000000784e00000| Untracked 
| 552|0x0000000785000000, 0x0000000785000000, 0x0000000785200000|  0%| F|  |TAMS 0x0000000785000000, 0x0000000785000000| Untracked 
| 553|0x0000000785200000, 0x0000000785200000, 0x0000000785400000|  0%| F|  |TAMS 0x0000000785200000, 0x0000000785200000| Untracked 
| 554|0x0000000785400000, 0x0000000785400000, 0x0000000785600000|  0%| F|  |TAMS 0x0000000785400000, 0x0000000785400000| Untracked 
| 555|0x0000000785600000, 0x0000000785600000, 0x0000000785800000|  0%| F|  |TAMS 0x0000000785600000, 0x0000000785600000| Untracked 
| 556|0x0000000785800000, 0x0000000785800000, 0x0000000785a00000|  0%| F|  |TAMS 0x0000000785800000, 0x0000000785800000| Untracked 
| 557|0x0000000785a00000, 0x0000000785a00000, 0x0000000785c00000|  0%| F|  |TAMS 0x0000000785a00000, 0x0000000785a00000| Untracked 
| 558|0x0000000785c00000, 0x0000000785c00000, 0x0000000785e00000|  0%| F|  |TAMS 0x0000000785c00000, 0x0000000785c00000| Untracked 
| 559|0x0000000785e00000, 0x0000000785e00000, 0x0000000786000000|  0%| F|  |TAMS 0x0000000785e00000, 0x0000000785e00000| Untracked 
| 560|0x0000000786000000, 0x0000000786000000, 0x0000000786200000|  0%| F|  |TAMS 0x0000000786000000, 0x0000000786000000| Untracked 
| 561|0x0000000786200000, 0x0000000786200000, 0x0000000786400000|  0%| F|  |TAMS 0x0000000786200000, 0x0000000786200000| Untracked 
| 562|0x0000000786400000, 0x0000000786400000, 0x0000000786600000|  0%| F|  |TAMS 0x0000000786400000, 0x0000000786400000| Untracked 
| 563|0x0000000786600000, 0x0000000786600000, 0x0000000786800000|  0%| F|  |TAMS 0x0000000786600000, 0x0000000786600000| Untracked 
| 564|0x0000000786800000, 0x0000000786800000, 0x0000000786a00000|  0%| F|  |TAMS 0x0000000786800000, 0x0000000786800000| Untracked 
| 565|0x0000000786a00000, 0x0000000786a00000, 0x0000000786c00000|  0%| F|  |TAMS 0x0000000786a00000, 0x0000000786a00000| Untracked 
| 566|0x0000000786c00000, 0x0000000786c00000, 0x0000000786e00000|  0%| F|  |TAMS 0x0000000786c00000, 0x0000000786c00000| Untracked 
| 567|0x0000000786e00000, 0x0000000786e00000, 0x0000000787000000|  0%| F|  |TAMS 0x0000000786e00000, 0x0000000786e00000| Untracked 
| 568|0x0000000787000000, 0x0000000787000000, 0x0000000787200000|  0%| F|  |TAMS 0x0000000787000000, 0x0000000787000000| Untracked 
| 569|0x0000000787200000, 0x0000000787200000, 0x0000000787400000|  0%| F|  |TAMS 0x0000000787200000, 0x0000000787200000| Untracked 
| 570|0x0000000787400000, 0x0000000787400000, 0x0000000787600000|  0%| F|  |TAMS 0x0000000787400000, 0x0000000787400000| Untracked 
| 571|0x0000000787600000, 0x0000000787600000, 0x0000000787800000|  0%| F|  |TAMS 0x0000000787600000, 0x0000000787600000| Untracked 
| 572|0x0000000787800000, 0x0000000787800000, 0x0000000787a00000|  0%| F|  |TAMS 0x0000000787800000, 0x0000000787800000| Untracked 
| 573|0x0000000787a00000, 0x0000000787a00000, 0x0000000787c00000|  0%| F|  |TAMS 0x0000000787a00000, 0x0000000787a00000| Untracked 
| 574|0x0000000787c00000, 0x0000000787c00000, 0x0000000787e00000|  0%| F|  |TAMS 0x0000000787c00000, 0x0000000787c00000| Untracked 
| 575|0x0000000787e00000, 0x0000000787e00000, 0x0000000788000000|  0%| F|  |TAMS 0x0000000787e00000, 0x0000000787e00000| Untracked 
| 576|0x0000000788000000, 0x0000000788000000, 0x0000000788200000|  0%| F|  |TAMS 0x0000000788000000, 0x0000000788000000| Untracked 
| 577|0x0000000788200000, 0x0000000788200000, 0x0000000788400000|  0%| F|  |TAMS 0x0000000788200000, 0x0000000788200000| Untracked 
| 578|0x0000000788400000, 0x0000000788400000, 0x0000000788600000|  0%| F|  |TAMS 0x0000000788400000, 0x0000000788400000| Untracked 
| 579|0x0000000788600000, 0x0000000788600000, 0x0000000788800000|  0%| F|  |TAMS 0x0000000788600000, 0x0000000788600000| Untracked 
| 580|0x0000000788800000, 0x0000000788800000, 0x0000000788a00000|  0%| F|  |TAMS 0x0000000788800000, 0x0000000788800000| Untracked 
| 581|0x0000000788a00000, 0x0000000788a00000, 0x0000000788c00000|  0%| F|  |TAMS 0x0000000788a00000, 0x0000000788a00000| Untracked 
| 582|0x0000000788c00000, 0x0000000788c00000, 0x0000000788e00000|  0%| F|  |TAMS 0x0000000788c00000, 0x0000000788c00000| Untracked 
| 583|0x0000000788e00000, 0x0000000788e00000, 0x0000000789000000|  0%| F|  |TAMS 0x0000000788e00000, 0x0000000788e00000| Untracked 
| 584|0x0000000789000000, 0x0000000789000000, 0x0000000789200000|  0%| F|  |TAMS 0x0000000789000000, 0x0000000789000000| Untracked 
| 585|0x0000000789200000, 0x0000000789200000, 0x0000000789400000|  0%| F|  |TAMS 0x0000000789200000, 0x0000000789200000| Untracked 
| 586|0x0000000789400000, 0x0000000789400000, 0x0000000789600000|  0%| F|  |TAMS 0x0000000789400000, 0x0000000789400000| Untracked 
| 587|0x0000000789600000, 0x0000000789600000, 0x0000000789800000|  0%| F|  |TAMS 0x0000000789600000, 0x0000000789600000| Untracked 
| 588|0x0000000789800000, 0x0000000789800000, 0x0000000789a00000|  0%| F|  |TAMS 0x0000000789800000, 0x0000000789800000| Untracked 
| 589|0x0000000789a00000, 0x0000000789a00000, 0x0000000789c00000|  0%| F|  |TAMS 0x0000000789a00000, 0x0000000789a00000| Untracked 
| 590|0x0000000789c00000, 0x0000000789c00000, 0x0000000789e00000|  0%| F|  |TAMS 0x0000000789c00000, 0x0000000789c00000| Untracked 
| 591|0x0000000789e00000, 0x0000000789e00000, 0x000000078a000000|  0%| F|  |TAMS 0x0000000789e00000, 0x0000000789e00000| Untracked 
| 592|0x000000078a000000, 0x000000078a000000, 0x000000078a200000|  0%| F|  |TAMS 0x000000078a000000, 0x000000078a000000| Untracked 
| 593|0x000000078a200000, 0x000000078a200000, 0x000000078a400000|  0%| F|  |TAMS 0x000000078a200000, 0x000000078a200000| Untracked 
| 594|0x000000078a400000, 0x000000078a400000, 0x000000078a600000|  0%| F|  |TAMS 0x000000078a400000, 0x000000078a400000| Untracked 
| 595|0x000000078a600000, 0x000000078a600000, 0x000000078a800000|  0%| F|  |TAMS 0x000000078a600000, 0x000000078a600000| Untracked 
| 596|0x000000078a800000, 0x000000078a800000, 0x000000078aa00000|  0%| F|  |TAMS 0x000000078a800000, 0x000000078a800000| Untracked 
| 597|0x000000078aa00000, 0x000000078aa00000, 0x000000078ac00000|  0%| F|  |TAMS 0x000000078aa00000, 0x000000078aa00000| Untracked 
| 598|0x000000078ac00000, 0x000000078ac00000, 0x000000078ae00000|  0%| F|  |TAMS 0x000000078ac00000, 0x000000078ac00000| Untracked 
| 599|0x000000078ae00000, 0x000000078ae00000, 0x000000078b000000|  0%| F|  |TAMS 0x000000078ae00000, 0x000000078ae00000| Untracked 
| 600|0x000000078b000000, 0x000000078b000000, 0x000000078b200000|  0%| F|  |TAMS 0x000000078b000000, 0x000000078b000000| Untracked 
| 601|0x000000078b200000, 0x000000078b200000, 0x000000078b400000|  0%| F|  |TAMS 0x000000078b200000, 0x000000078b200000| Untracked 
| 602|0x000000078b400000, 0x000000078b400000, 0x000000078b600000|  0%| F|  |TAMS 0x000000078b400000, 0x000000078b400000| Untracked 
| 603|0x000000078b600000, 0x000000078b600000, 0x000000078b800000|  0%| F|  |TAMS 0x000000078b600000, 0x000000078b600000| Untracked 
| 604|0x000000078b800000, 0x000000078b800000, 0x000000078ba00000|  0%| F|  |TAMS 0x000000078b800000, 0x000000078b800000| Untracked 
| 605|0x000000078ba00000, 0x000000078ba00000, 0x000000078bc00000|  0%| F|  |TAMS 0x000000078ba00000, 0x000000078ba00000| Untracked 
| 606|0x000000078bc00000, 0x000000078bc00000, 0x000000078be00000|  0%| F|  |TAMS 0x000000078bc00000, 0x000000078bc00000| Untracked 
| 607|0x000000078be00000, 0x000000078be00000, 0x000000078c000000|  0%| F|  |TAMS 0x000000078be00000, 0x000000078be00000| Untracked 
| 608|0x000000078c000000, 0x000000078c000000, 0x000000078c200000|  0%| F|  |TAMS 0x000000078c000000, 0x000000078c000000| Untracked 
| 609|0x000000078c200000, 0x000000078c200000, 0x000000078c400000|  0%| F|  |TAMS 0x000000078c200000, 0x000000078c200000| Untracked 
| 610|0x000000078c400000, 0x000000078c400000, 0x000000078c600000|  0%| F|  |TAMS 0x000000078c400000, 0x000000078c400000| Untracked 
| 611|0x000000078c600000, 0x000000078c600000, 0x000000078c800000|  0%| F|  |TAMS 0x000000078c600000, 0x000000078c600000| Untracked 
| 612|0x000000078c800000, 0x000000078c800000, 0x000000078ca00000|  0%| F|  |TAMS 0x000000078c800000, 0x000000078c800000| Untracked 
| 613|0x000000078ca00000, 0x000000078ca00000, 0x000000078cc00000|  0%| F|  |TAMS 0x000000078ca00000, 0x000000078ca00000| Untracked 
| 614|0x000000078cc00000, 0x000000078cc00000, 0x000000078ce00000|  0%| F|  |TAMS 0x000000078cc00000, 0x000000078cc00000| Untracked 
| 615|0x000000078ce00000, 0x000000078ce00000, 0x000000078d000000|  0%| F|  |TAMS 0x000000078ce00000, 0x000000078ce00000| Untracked 
| 616|0x000000078d000000, 0x000000078d000000, 0x000000078d200000|  0%| F|  |TAMS 0x000000078d000000, 0x000000078d000000| Untracked 
| 617|0x000000078d200000, 0x000000078d200000, 0x000000078d400000|  0%| F|  |TAMS 0x000000078d200000, 0x000000078d200000| Untracked 
| 618|0x000000078d400000, 0x000000078d400000, 0x000000078d600000|  0%| F|  |TAMS 0x000000078d400000, 0x000000078d400000| Untracked 
| 619|0x000000078d600000, 0x000000078d600000, 0x000000078d800000|  0%| F|  |TAMS 0x000000078d600000, 0x000000078d600000| Untracked 
| 620|0x000000078d800000, 0x000000078d800000, 0x000000078da00000|  0%| F|  |TAMS 0x000000078d800000, 0x000000078d800000| Untracked 
| 621|0x000000078da00000, 0x000000078da00000, 0x000000078dc00000|  0%| F|  |TAMS 0x000000078da00000, 0x000000078da00000| Untracked 
| 622|0x000000078dc00000, 0x000000078dc00000, 0x000000078de00000|  0%| F|  |TAMS 0x000000078dc00000, 0x000000078dc00000| Untracked 
| 623|0x000000078de00000, 0x000000078de00000, 0x000000078e000000|  0%| F|  |TAMS 0x000000078de00000, 0x000000078de00000| Untracked 
| 624|0x000000078e000000, 0x000000078e000000, 0x000000078e200000|  0%| F|  |TAMS 0x000000078e000000, 0x000000078e000000| Untracked 
| 625|0x000000078e200000, 0x000000078e200000, 0x000000078e400000|  0%| F|  |TAMS 0x000000078e200000, 0x000000078e200000| Untracked 
| 626|0x000000078e400000, 0x000000078e400000, 0x000000078e600000|  0%| F|  |TAMS 0x000000078e400000, 0x000000078e400000| Untracked 
| 627|0x000000078e600000, 0x000000078e600000, 0x000000078e800000|  0%| F|  |TAMS 0x000000078e600000, 0x000000078e600000| Untracked 
| 628|0x000000078e800000, 0x000000078e800000, 0x000000078ea00000|  0%| F|  |TAMS 0x000000078e800000, 0x000000078e800000| Untracked 
| 629|0x000000078ea00000, 0x000000078ea00000, 0x000000078ec00000|  0%| F|  |TAMS 0x000000078ea00000, 0x000000078ea00000| Untracked 
| 630|0x000000078ec00000, 0x000000078ec00000, 0x000000078ee00000|  0%| F|  |TAMS 0x000000078ec00000, 0x000000078ec00000| Untracked 
| 631|0x000000078ee00000, 0x000000078ee00000, 0x000000078f000000|  0%| F|  |TAMS 0x000000078ee00000, 0x000000078ee00000| Untracked 
| 632|0x000000078f000000, 0x000000078f000000, 0x000000078f200000|  0%| F|  |TAMS 0x000000078f000000, 0x000000078f000000| Untracked 
| 633|0x000000078f200000, 0x000000078f200000, 0x000000078f400000|  0%| F|  |TAMS 0x000000078f200000, 0x000000078f200000| Untracked 
| 634|0x000000078f400000, 0x000000078f400000, 0x000000078f600000|  0%| F|  |TAMS 0x000000078f400000, 0x000000078f400000| Untracked 
| 635|0x000000078f600000, 0x000000078f600000, 0x000000078f800000|  0%| F|  |TAMS 0x000000078f600000, 0x000000078f600000| Untracked 
| 636|0x000000078f800000, 0x000000078f800000, 0x000000078fa00000|  0%| F|  |TAMS 0x000000078f800000, 0x000000078f800000| Untracked 
| 637|0x000000078fa00000, 0x000000078fa00000, 0x000000078fc00000|  0%| F|  |TAMS 0x000000078fa00000, 0x000000078fa00000| Untracked 
| 638|0x000000078fc00000, 0x000000078fc00000, 0x000000078fe00000|  0%| F|  |TAMS 0x000000078fc00000, 0x000000078fc00000| Untracked 
| 639|0x000000078fe00000, 0x000000078fe00000, 0x0000000790000000|  0%| F|  |TAMS 0x000000078fe00000, 0x000000078fe00000| Untracked 
| 640|0x0000000790000000, 0x0000000790000000, 0x0000000790200000|  0%| F|  |TAMS 0x0000000790000000, 0x0000000790000000| Untracked 
| 641|0x0000000790200000, 0x0000000790200000, 0x0000000790400000|  0%| F|  |TAMS 0x0000000790200000, 0x0000000790200000| Untracked 
| 642|0x0000000790400000, 0x0000000790400000, 0x0000000790600000|  0%| F|  |TAMS 0x0000000790400000, 0x0000000790400000| Untracked 
| 643|0x0000000790600000, 0x0000000790600000, 0x0000000790800000|  0%| F|  |TAMS 0x0000000790600000, 0x0000000790600000| Untracked 
| 644|0x0000000790800000, 0x0000000790800000, 0x0000000790a00000|  0%| F|  |TAMS 0x0000000790800000, 0x0000000790800000| Untracked 
| 645|0x0000000790a00000, 0x0000000790a00000, 0x0000000790c00000|  0%| F|  |TAMS 0x0000000790a00000, 0x0000000790a00000| Untracked 
| 646|0x0000000790c00000, 0x0000000790c00000, 0x0000000790e00000|  0%| F|  |TAMS 0x0000000790c00000, 0x0000000790c00000| Untracked 
| 647|0x0000000790e00000, 0x0000000790e257d0, 0x0000000791000000|  7%| E|  |TAMS 0x0000000790e00000, 0x0000000790e00000| Complete 
| 648|0x0000000791000000, 0x0000000791200000, 0x0000000791200000|100%| E|CS|TAMS 0x0000000791000000, 0x0000000791000000| Complete 
| 649|0x0000000791200000, 0x0000000791400000, 0x0000000791400000|100%| E|CS|TAMS 0x0000000791200000, 0x0000000791200000| Complete 
| 650|0x0000000791400000, 0x0000000791600000, 0x0000000791600000|100%| E|CS|TAMS 0x0000000791400000, 0x0000000791400000| Complete 
| 651|0x0000000791600000, 0x0000000791800000, 0x0000000791800000|100%| E|CS|TAMS 0x0000000791600000, 0x0000000791600000| Complete 
| 652|0x0000000791800000, 0x0000000791a00000, 0x0000000791a00000|100%| E|CS|TAMS 0x0000000791800000, 0x0000000791800000| Complete 
| 653|0x0000000791a00000, 0x0000000791c00000, 0x0000000791c00000|100%| E|CS|TAMS 0x0000000791a00000, 0x0000000791a00000| Complete 
| 654|0x0000000791c00000, 0x0000000791e00000, 0x0000000791e00000|100%| E|CS|TAMS 0x0000000791c00000, 0x0000000791c00000| Complete 
| 655|0x0000000791e00000, 0x0000000792000000, 0x0000000792000000|100%| E|CS|TAMS 0x0000000791e00000, 0x0000000791e00000| Complete 
| 656|0x0000000792000000, 0x0000000792200000, 0x0000000792200000|100%| E|CS|TAMS 0x0000000792000000, 0x0000000792000000| Complete 
| 657|0x0000000792200000, 0x0000000792400000, 0x0000000792400000|100%| E|CS|TAMS 0x0000000792200000, 0x0000000792200000| Complete 
| 658|0x0000000792400000, 0x0000000792600000, 0x0000000792600000|100%| E|CS|TAMS 0x0000000792400000, 0x0000000792400000| Complete 
| 659|0x0000000792600000, 0x0000000792800000, 0x0000000792800000|100%| E|CS|TAMS 0x0000000792600000, 0x0000000792600000| Complete 
| 660|0x0000000792800000, 0x0000000792a00000, 0x0000000792a00000|100%| E|CS|TAMS 0x0000000792800000, 0x0000000792800000| Complete 
| 661|0x0000000792a00000, 0x0000000792c00000, 0x0000000792c00000|100%| E|CS|TAMS 0x0000000792a00000, 0x0000000792a00000| Complete 
| 662|0x0000000792c00000, 0x0000000792e00000, 0x0000000792e00000|100%| E|CS|TAMS 0x0000000792c00000, 0x0000000792c00000| Complete 
| 663|0x0000000792e00000, 0x0000000793000000, 0x0000000793000000|100%| E|CS|TAMS 0x0000000792e00000, 0x0000000792e00000| Complete 
| 664|0x0000000793000000, 0x0000000793200000, 0x0000000793200000|100%| S|CS|TAMS 0x0000000793000000, 0x0000000793000000| Complete 
| 665|0x0000000793200000, 0x0000000793400000, 0x0000000793400000|100%| S|CS|TAMS 0x0000000793200000, 0x0000000793200000| Complete 
| 666|0x0000000793400000, 0x0000000793600000, 0x0000000793600000|100%| S|CS|TAMS 0x0000000793400000, 0x0000000793400000| Complete 
| 667|0x0000000793600000, 0x0000000793800000, 0x0000000793800000|100%| S|CS|TAMS 0x0000000793600000, 0x0000000793600000| Complete 
| 668|0x0000000793800000, 0x0000000793a00000, 0x0000000793a00000|100%| S|CS|TAMS 0x0000000793800000, 0x0000000793800000| Complete 
| 669|0x0000000793a00000, 0x0000000793c00000, 0x0000000793c00000|100%| E|CS|TAMS 0x0000000793a00000, 0x0000000793a00000| Complete 
| 670|0x0000000793c00000, 0x0000000793e00000, 0x0000000793e00000|100%| E|CS|TAMS 0x0000000793c00000, 0x0000000793c00000| Complete 
| 671|0x0000000793e00000, 0x0000000794000000, 0x0000000794000000|100%| E|CS|TAMS 0x0000000793e00000, 0x0000000793e00000| Complete 
| 672|0x0000000794000000, 0x0000000794200000, 0x0000000794200000|100%| E|CS|TAMS 0x0000000794000000, 0x0000000794000000| Complete 
| 673|0x0000000794200000, 0x0000000794400000, 0x0000000794400000|100%| E|CS|TAMS 0x0000000794200000, 0x0000000794200000| Complete 
| 674|0x0000000794400000, 0x0000000794600000, 0x0000000794600000|100%| E|CS|TAMS 0x0000000794400000, 0x0000000794400000| Complete 
| 675|0x0000000794600000, 0x0000000794800000, 0x0000000794800000|100%| E|CS|TAMS 0x0000000794600000, 0x0000000794600000| Complete 
| 676|0x0000000794800000, 0x0000000794a00000, 0x0000000794a00000|100%| E|CS|TAMS 0x0000000794800000, 0x0000000794800000| Complete 
| 677|0x0000000794a00000, 0x0000000794c00000, 0x0000000794c00000|100%| E|CS|TAMS 0x0000000794a00000, 0x0000000794a00000| Complete 
| 678|0x0000000794c00000, 0x0000000794e00000, 0x0000000794e00000|100%| E|CS|TAMS 0x0000000794c00000, 0x0000000794c00000| Complete 
| 679|0x0000000794e00000, 0x0000000795000000, 0x0000000795000000|100%| E|CS|TAMS 0x0000000794e00000, 0x0000000794e00000| Complete 
|1505|0x00000007fc200000, 0x00000007fc400000, 0x00000007fc400000|100%| E|CS|TAMS 0x00000007fc200000, 0x00000007fc200000| Complete 
|1506|0x00000007fc400000, 0x00000007fc600000, 0x00000007fc600000|100%| E|CS|TAMS 0x00000007fc400000, 0x00000007fc400000| Complete 
|1507|0x00000007fc600000, 0x00000007fc800000, 0x00000007fc800000|100%| E|CS|TAMS 0x00000007fc600000, 0x00000007fc600000| Complete 
|1508|0x00000007fc800000, 0x00000007fca00000, 0x00000007fca00000|100%| E|CS|TAMS 0x00000007fc800000, 0x00000007fc800000| Complete 

Card table byte_map: [0x000001a11e830000,0x000001a11ee30000] _byte_map_base: 0x000001a11ae30000

Marking Bits (Prev, Next): (CMBitMap*) 0x000001a1071697e0, (CMBitMap*) 0x000001a107169820
 Prev Bits: [0x000001a11f430000, 0x000001a122430000)
 Next Bits: [0x000001a122430000, 0x000001a125430000)

Polling page: 0x000001a105040000

Metaspace:

Usage:
  Non-class:     68.98 MB used.
      Class:     10.53 MB used.
       Both:     79.51 MB used.

Virtual space:
  Non-class space:      128.00 MB reserved,      69.31 MB ( 54%) committed,  2 nodes.
      Class space:        1.00 GB reserved,      10.81 MB (  1%) committed,  1 nodes.
             Both:        1.12 GB reserved,      80.12 MB (  7%) committed. 

Chunk freelists:
   Non-Class:  9.77 MB
       Class:  5.05 MB
        Both:  14.81 MB

MaxMetaspaceSize: unlimited
CompressedClassSpaceSize: 1.00 GB
Initial GC threshold: 21.00 MB
Current GC threshold: 130.31 MB
CDS: on
MetaspaceReclaimPolicy: balanced
 - commit_granule_bytes: 65536.
 - commit_granule_words: 8192.
 - virtual_space_node_default_size: 8388608.
 - enlarge_chunks_in_place: 1.
 - new_chunks_are_fully_committed: 0.
 - uncommit_free_chunks: 1.
 - use_allocation_guard: 0.
 - handle_deallocations: 1.


Internal statistics:

num_allocs_failed_limit: 9.
num_arena_births: 728.
num_arena_deaths: 4.
num_vsnodes_births: 3.
num_vsnodes_deaths: 0.
num_space_committed: 1282.
num_space_uncommitted: 0.
num_chunks_returned_to_freelist: 15.
num_chunks_taken_from_freelist: 3838.
num_chunk_merges: 8.
num_chunk_splits: 2536.
num_chunks_enlarged: 1722.
num_inconsistent_stats: 0.

CodeHeap 'non-profiled nmethods': size=119168Kb used=20749Kb max_used=21731Kb free=98418Kb
 bounds [0x000001a116550000, 0x000001a117a90000, 0x000001a11d9b0000]
CodeHeap 'profiled nmethods': size=119104Kb used=25791Kb max_used=26703Kb free=93312Kb
 bounds [0x000001a10e9b0000, 0x000001a110430000, 0x000001a115e00000]
CodeHeap 'non-nmethods': size=7488Kb used=2387Kb max_used=4173Kb free=5100Kb
 bounds [0x000001a115e00000, 0x000001a116230000, 0x000001a116550000]
 total_blobs=15267 nmethods=14363 adapters=815
 compilation: enabled
              stopped_count=0, restarted_count=0
 full_count=0

Compilation events (20 events):
Event: 104.826 Thread 0x000001a1283fe490 21377       1       java.lang.Module::getName (5 bytes)
Event: 104.827 Thread 0x000001a1283fe490 nmethod 21377 0x000001a117587f10 code [0x000001a1175880a0, 0x000001a117588178]
Event: 104.827 Thread 0x000001a1283fe490 21378       3       java.lang.ModuleLayer::boot (4 bytes)
Event: 104.827 Thread 0x000001a1283fe490 nmethod 21378 0x000001a10f0dc410 code [0x000001a10f0dc5a0, 0x000001a10f0dc698]
Event: 104.827 Thread 0x000001a1283fe490 21379       1       java.lang.StackTraceElement::getLineNumber (5 bytes)
Event: 104.827 Thread 0x000001a1283fe490 nmethod 21379 0x000001a117587c10 code [0x000001a117587da0, 0x000001a117587e78]
Event: 104.827 Thread 0x000001a1283fe490 21380       1       java.lang.StackTraceElement::getFileName (5 bytes)
Event: 104.827 Thread 0x000001a1283fe490 nmethod 21380 0x000001a116807410 code [0x000001a1168075a0, 0x000001a116807678]
Event: 104.830 Thread 0x000001a1283fe490 21386       1       java.lang.StackTraceElement::getClassName (5 bytes)
Event: 104.831 Thread 0x000001a1283fe490 nmethod 21386 0x000001a116807090 code [0x000001a116807220, 0x000001a1168072f8]
Event: 104.831 Thread 0x000001a1283fe490 21387       3       java.lang.StackTraceElement::<init> (10 bytes)
Event: 104.831 Thread 0x000001a1283fe490 nmethod 21387 0x000001a10f03b390 code [0x000001a10f03b520, 0x000001a10f03b698]
Event: 104.831 Thread 0x000001a1283fe490 21388  s!   3       java.lang.StackTraceElement::computeFormat (71 bytes)
Event: 104.831 Thread 0x000001a1283fe490 nmethod 21388 0x000001a10f15d690 code [0x000001a10f15d8a0, 0x000001a10f15e178]
Event: 104.831 Thread 0x000001a1283fe490 21391       3       org.codehaus.groovy.runtime.StackTraceUtils::isApplicationClass (84 bytes)
Event: 104.832 Thread 0x000001a1283fe490 nmethod 21391 0x000001a10ec84210 code [0x000001a10ec84460, 0x000001a10ec84e78]
Event: 104.832 Thread 0x000001a1283fe490 21389       3       java.lang.StackTraceElement::isHashedInJavaBase (31 bytes)
Event: 104.832 Thread 0x000001a1283fe490 nmethod 21389 0x000001a10f3ba890 code [0x000001a10f3baa80, 0x000001a10f3baf98]
Event: 104.832 Thread 0x000001a1283fe490 21390       3       java.lang.Module::getLayer (43 bytes)
Event: 104.833 Thread 0x000001a1283fe490 nmethod 21390 0x000001a10ffff190 code [0x000001a10ffff360, 0x000001a10ffff748]

GC Heap History (20 events):
Event: 71.633 GC heap before
{Heap before GC invocations=83 (full 0):
 garbage-first heap   total 1400832K, used 1219015K [0x0000000740000000, 0x0000000800000000)
  region size 2048K, 302 young (618496K), 4 survivors (8192K)
 Metaspace       used 79217K, committed 79808K, reserved 1179648K
  class space    used 10455K, committed 10752K, reserved 1048576K
}
Event: 71.643 GC heap after
{Heap after GC invocations=84 (full 0):
 garbage-first heap   total 1400832K, used 612542K [0x0000000740000000, 0x0000000800000000)
  region size 2048K, 6 young (12288K), 6 survivors (12288K)
 Metaspace       used 79217K, committed 79808K, reserved 1179648K
  class space    used 10455K, committed 10752K, reserved 1048576K
}
Event: 73.785 GC heap before
{Heap before GC invocations=84 (full 0):
 garbage-first heap   total 1400832K, used 1224894K [0x0000000740000000, 0x0000000800000000)
  region size 2048K, 305 young (624640K), 6 survivors (12288K)
 Metaspace       used 79222K, committed 79872K, reserved 1179648K
  class space    used 10455K, committed 10752K, reserved 1048576K
}
Event: 73.801 GC heap after
{Heap after GC invocations=85 (full 0):
 garbage-first heap   total 1400832K, used 633792K [0x0000000740000000, 0x0000000800000000)
  region size 2048K, 17 young (34816K), 17 survivors (34816K)
 Metaspace       used 79222K, committed 79872K, reserved 1179648K
  class space    used 10455K, committed 10752K, reserved 1048576K
}
Event: 75.525 GC heap before
{Heap before GC invocations=85 (full 0):
 garbage-first heap   total 1400832K, used 1061824K [0x0000000740000000, 0x0000000800000000)
  region size 2048K, 226 young (462848K), 17 survivors (34816K)
 Metaspace       used 79229K, committed 79872K, reserved 1179648K
  class space    used 10455K, committed 10752K, reserved 1048576K
}
Event: 75.550 GC heap after
{Heap after GC invocations=86 (full 0):
 garbage-first heap   total 1400832K, used 646424K [0x0000000740000000, 0x0000000800000000)
  region size 2048K, 21 young (43008K), 21 survivors (43008K)
 Metaspace       used 79229K, committed 79872K, reserved 1179648K
  class space    used 10455K, committed 10752K, reserved 1048576K
}
Event: 77.131 GC heap before
{Heap before GC invocations=87 (full 0):
 garbage-first heap   total 1400832K, used 1135896K [0x0000000740000000, 0x0000000800000000)
  region size 2048K, 260 young (532480K), 21 survivors (43008K)
 Metaspace       used 79230K, committed 79872K, reserved 1179648K
  class space    used 10455K, committed 10752K, reserved 1048576K
}
Event: 77.156 GC heap after
{Heap after GC invocations=88 (full 0):
 garbage-first heap   total 1400832K, used 655224K [0x0000000740000000, 0x0000000800000000)
  region size 2048K, 22 young (45056K), 22 survivors (45056K)
 Metaspace       used 79230K, committed 79872K, reserved 1179648K
  class space    used 10455K, committed 10752K, reserved 1048576K
}
Event: 77.281 GC heap before
{Heap before GC invocations=88 (full 0):
 garbage-first heap   total 1400832K, used 679800K [0x0000000740000000, 0x0000000800000000)
  region size 2048K, 34 young (69632K), 22 survivors (45056K)
 Metaspace       used 79230K, committed 79872K, reserved 1179648K
  class space    used 10455K, committed 10752K, reserved 1048576K
}
Event: 77.333 GC heap after
{Heap after GC invocations=89 (full 0):
 garbage-first heap   total 1400832K, used 652385K [0x0000000740000000, 0x0000000800000000)
  region size 2048K, 4 young (8192K), 4 survivors (8192K)
 Metaspace       used 79230K, committed 79872K, reserved 1179648K
  class space    used 10455K, committed 10752K, reserved 1048576K
}
Event: 79.320 GC heap before
{Heap before GC invocations=89 (full 0):
 garbage-first heap   total 1400832K, used 1217633K [0x0000000740000000, 0x0000000800000000)
  region size 2048K, 280 young (573440K), 4 survivors (8192K)
 Metaspace       used 79235K, committed 79872K, reserved 1179648K
  class space    used 10455K, committed 10752K, reserved 1048576K
}
Event: 79.329 GC heap after
{Heap after GC invocations=90 (full 0):
 garbage-first heap   total 1400832K, used 659020K [0x0000000740000000, 0x0000000800000000)
  region size 2048K, 7 young (14336K), 7 survivors (14336K)
 Metaspace       used 79235K, committed 79872K, reserved 1179648K
  class space    used 10455K, committed 10752K, reserved 1048576K
}
Event: 81.943 GC heap before
{Heap before GC invocations=90 (full 0):
 garbage-first heap   total 1400832K, used 1218124K [0x0000000740000000, 0x0000000800000000)
  region size 2048K, 280 young (573440K), 7 survivors (14336K)
 Metaspace       used 79254K, committed 79872K, reserved 1179648K
  class space    used 10455K, committed 10752K, reserved 1048576K
}
Event: 81.957 GC heap after
{Heap after GC invocations=91 (full 0):
 garbage-first heap   total 1400832K, used 670099K [0x0000000740000000, 0x0000000800000000)
  region size 2048K, 12 young (24576K), 12 survivors (24576K)
 Metaspace       used 79254K, committed 79872K, reserved 1179648K
  class space    used 10455K, committed 10752K, reserved 1048576K
}
Event: 92.786 GC heap before
{Heap before GC invocations=91 (full 0):
 garbage-first heap   total 1400832K, used 1221011K [0x0000000740000000, 0x0000000800000000)
  region size 2048K, 281 young (575488K), 12 survivors (24576K)
 Metaspace       used 79480K, committed 80064K, reserved 1179648K
  class space    used 10481K, committed 10752K, reserved 1048576K
}
Event: 92.808 GC heap after
{Heap after GC invocations=92 (full 0):
 garbage-first heap   total 1400832K, used 682835K [0x0000000740000000, 0x0000000800000000)
  region size 2048K, 21 young (43008K), 21 survivors (43008K)
 Metaspace       used 79480K, committed 80064K, reserved 1179648K
  class space    used 10481K, committed 10752K, reserved 1048576K
}
Event: 103.238 GC heap before
{Heap before GC invocations=93 (full 0):
 garbage-first heap   total 1400832K, used 1293139K [0x0000000740000000, 0x0000000800000000)
  region size 2048K, 280 young (573440K), 21 survivors (43008K)
 Metaspace       used 80495K, committed 81088K, reserved 1179648K
  class space    used 10626K, committed 10880K, reserved 1048576K
}
Event: 103.480 GC heap after
{Heap after GC invocations=94 (full 0):
 garbage-first heap   total 1400832K, used 689676K [0x0000000740000000, 0x0000000800000000)
  region size 2048K, 19 young (38912K), 19 survivors (38912K)
 Metaspace       used 80495K, committed 81088K, reserved 1179648K
  class space    used 10626K, committed 10880K, reserved 1048576K
}
Event: 104.289 GC heap before
{Heap before GC invocations=94 (full 0):
 garbage-first heap   total 1400832K, used 722444K [0x0000000740000000, 0x0000000800000000)
  region size 2048K, 34 young (69632K), 19 survivors (38912K)
 Metaspace       used 80504K, committed 81088K, reserved 1179648K
  class space    used 10626K, committed 10880K, reserved 1048576K
}
Event: 104.349 GC heap after
{Heap after GC invocations=95 (full 0):
 garbage-first heap   total 1400832K, used 670778K [0x0000000740000000, 0x0000000800000000)
  region size 2048K, 5 young (10240K), 5 survivors (10240K)
 Metaspace       used 80504K, committed 81088K, reserved 1179648K
  class space    used 10626K, committed 10880K, reserved 1048576K
}

Deoptimization events (20 events):
Event: 104.830 Thread 0x000001a16fbbffa0 Uncommon trap: trap_request=0xffffff45 fr.pc=0x000001a1169d3918 relative=0x00000000000002f8
Event: 104.830 Thread 0x000001a16fbbffa0 Uncommon trap: reason=unstable_if action=reinterpret pc=0x000001a1169d3918 method=java.util.regex.Matcher.search(I)Z @ 76 c2
Event: 104.830 Thread 0x000001a16fbbffa0 DEOPT PACKING pc=0x000001a1169d3918 sp=0x0000001271dfb7a0
Event: 104.830 Thread 0x000001a16fbbffa0 DEOPT UNPACKING pc=0x000001a115e523a3 sp=0x0000001271dfb740 mode 2
Event: 104.830 Thread 0x000001a16fbbffa0 Uncommon trap: trap_request=0xffffffc6 fr.pc=0x000001a1178c6eec relative=0x00000000000007ec
Event: 104.830 Thread 0x000001a16fbbffa0 Uncommon trap: reason=bimorphic_or_optimized_type_check action=maybe_recompile pc=0x000001a1178c6eec method=java.util.regex.Pattern$Loop.match(Ljava/util/regex/Matcher;ILjava/lang/CharSequence;)Z @ 192 c2
Event: 104.830 Thread 0x000001a16fbbffa0 DEOPT PACKING pc=0x000001a1178c6eec sp=0x0000001271dfb450
Event: 104.830 Thread 0x000001a16fbbffa0 DEOPT UNPACKING pc=0x000001a115e523a3 sp=0x0000001271dfb3d8 mode 2
Event: 104.830 Thread 0x000001a16fbbffa0 Uncommon trap: trap_request=0xffffffc6 fr.pc=0x000001a1178c6eec relative=0x00000000000007ec
Event: 104.830 Thread 0x000001a16fbbffa0 Uncommon trap: reason=bimorphic_or_optimized_type_check action=maybe_recompile pc=0x000001a1178c6eec method=java.util.regex.Pattern$Loop.match(Ljava/util/regex/Matcher;ILjava/lang/CharSequence;)Z @ 192 c2
Event: 104.830 Thread 0x000001a16fbbffa0 DEOPT PACKING pc=0x000001a1178c6eec sp=0x0000001271dfb450
Event: 104.830 Thread 0x000001a16fbbffa0 DEOPT UNPACKING pc=0x000001a115e523a3 sp=0x0000001271dfb3d8 mode 2
Event: 104.830 Thread 0x000001a16fbbffa0 Uncommon trap: trap_request=0xffffffc6 fr.pc=0x000001a1178c6eec relative=0x00000000000007ec
Event: 104.830 Thread 0x000001a16fbbffa0 Uncommon trap: reason=bimorphic_or_optimized_type_check action=maybe_recompile pc=0x000001a1178c6eec method=java.util.regex.Pattern$Loop.match(Ljava/util/regex/Matcher;ILjava/lang/CharSequence;)Z @ 192 c2
Event: 104.830 Thread 0x000001a16fbbffa0 DEOPT PACKING pc=0x000001a1178c6eec sp=0x0000001271dfb450
Event: 104.830 Thread 0x000001a16fbbffa0 DEOPT UNPACKING pc=0x000001a115e523a3 sp=0x0000001271dfb3d8 mode 2
Event: 104.830 Thread 0x000001a16fbbffa0 Uncommon trap: trap_request=0xffffffc6 fr.pc=0x000001a1178c6eec relative=0x00000000000007ec
Event: 104.830 Thread 0x000001a16fbbffa0 Uncommon trap: reason=bimorphic_or_optimized_type_check action=maybe_recompile pc=0x000001a1178c6eec method=java.util.regex.Pattern$Loop.match(Ljava/util/regex/Matcher;ILjava/lang/CharSequence;)Z @ 192 c2
Event: 104.830 Thread 0x000001a16fbbffa0 DEOPT PACKING pc=0x000001a1178c6eec sp=0x0000001271dfb450
Event: 104.830 Thread 0x000001a16fbbffa0 DEOPT UNPACKING pc=0x000001a115e523a3 sp=0x0000001271dfb3d8 mode 2

Classes unloaded (2 events):
Event: 14.756 Thread 0x000001a1283d76b0 Unloading class 0x000001a12a88a000 'java/lang/invoke/LambdaForm$DMH+0x000001a12a88a000'
Event: 14.756 Thread 0x000001a1283d76b0 Unloading class 0x000001a12a889c00 'java/lang/invoke/LambdaForm$DMH+0x000001a12a889c00'

Classes redefined (0 events):
No events

Internal exceptions (20 events):
Event: 104.400 Thread 0x000001a174ad4cb0 Exception <a 'sun/nio/fs/WindowsException'{0x0000000794bc2030}> (0x0000000794bc2030) 
thrown [s\open\src\hotspot\share\prims\jni.cpp, line 516]
Event: 104.400 Thread 0x000001a174ad4cb0 Exception <a 'sun/nio/fs/WindowsException'{0x0000000794bc31d8}> (0x0000000794bc31d8) 
thrown [s\open\src\hotspot\share\prims\jni.cpp, line 516]
Event: 104.400 Thread 0x000001a174ad4cb0 Exception <a 'sun/nio/fs/WindowsException'{0x0000000794bc4238}> (0x0000000794bc4238) 
thrown [s\open\src\hotspot\share\prims\jni.cpp, line 516]
Event: 104.400 Thread 0x000001a174ad4cb0 Exception <a 'sun/nio/fs/WindowsException'{0x0000000794bc53d0}> (0x0000000794bc53d0) 
thrown [s\open\src\hotspot\share\prims\jni.cpp, line 516]
Event: 104.400 Thread 0x000001a174ad4cb0 Exception <a 'sun/nio/fs/WindowsException'{0x0000000794bc5660}> (0x0000000794bc5660) 
thrown [s\open\src\hotspot\share\prims\jni.cpp, line 516]
Event: 104.400 Thread 0x000001a174ad4cb0 Exception <a 'sun/nio/fs/WindowsException'{0x0000000794bc7808}> (0x0000000794bc7808) 
thrown [s\open\src\hotspot\share\prims\jni.cpp, line 516]
Event: 104.400 Thread 0x000001a174ad4cb0 Exception <a 'sun/nio/fs/WindowsException'{0x0000000794bc7a78}> (0x0000000794bc7a78) 
thrown [s\open\src\hotspot\share\prims\jni.cpp, line 516]
Event: 104.400 Thread 0x000001a174ad4cb0 Exception <a 'sun/nio/fs/WindowsException'{0x0000000794bc9c18}> (0x0000000794bc9c18) 
thrown [s\open\src\hotspot\share\prims\jni.cpp, line 516]
Event: 104.636 Thread 0x000001a174ad4cb0 Exception <a 'sun/nio/fs/WindowsException'{0x0000000794bd3928}> (0x0000000794bd3928) 
thrown [s\open\src\hotspot\share\prims\jni.cpp, line 516]
Event: 104.642 Thread 0x000001a174ad4cb0 Exception <a 'sun/nio/fs/WindowsException'{0x0000000794961140}> (0x0000000794961140) 
thrown [s\open\src\hotspot\share\prims\jni.cpp, line 516]
Event: 104.642 Thread 0x000001a174ad4cb0 Exception <a 'sun/nio/fs/WindowsException'{0x0000000794962318}> (0x0000000794962318) 
thrown [s\open\src\hotspot\share\prims\jni.cpp, line 516]
Event: 104.642 Thread 0x000001a174ad4cb0 Exception <a 'sun/nio/fs/WindowsException'{0x0000000794963378}> (0x0000000794963378) 
thrown [s\open\src\hotspot\share\prims\jni.cpp, line 516]
Event: 104.642 Thread 0x000001a174ad4cb0 Exception <a 'sun/nio/fs/WindowsException'{0x0000000794964548}> (0x0000000794964548) 
thrown [s\open\src\hotspot\share\prims\jni.cpp, line 516]
Event: 104.642 Thread 0x000001a174ad4cb0 Exception <a 'sun/nio/fs/WindowsException'{0x0000000794964860}> (0x0000000794964860) 
thrown [s\open\src\hotspot\share\prims\jni.cpp, line 516]
Event: 104.642 Thread 0x000001a174ad4cb0 Exception <a 'sun/nio/fs/WindowsException'{0x0000000794966a48}> (0x0000000794966a48) 
thrown [s\open\src\hotspot\share\prims\jni.cpp, line 516]
Event: 104.648 Thread 0x000001a174ad4cb0 Exception <a 'sun/nio/fs/WindowsException'{0x000000079465fc50}> (0x000000079465fc50) 
thrown [s\open\src\hotspot\share\prims\jni.cpp, line 516]
Event: 104.653 Thread 0x000001a174ad4cb0 Exception <a 'sun/nio/fs/WindowsException'{0x0000000794790250}> (0x0000000794790250) 
thrown [s\open\src\hotspot\share\prims\jni.cpp, line 516]
Event: 104.657 Thread 0x000001a174ad4cb0 Exception <a 'sun/nio/fs/WindowsException'{0x00000007947d3428}> (0x00000007947d3428) 
thrown [s\open\src\hotspot\share\prims\jni.cpp, line 516]
Event: 104.776 Thread 0x000001a174ad4cb0 Exception <a 'java/lang/OutOfMemoryError'{0x00000007943999a0}: unable to create native thread: possibly out of memory or process/resource limits reached> (0x00000007943999a0) 
thrown [s\open\src\hotspot\share\prims\jvm.cpp, line 2923]
Event: 104.778 Thread 0x000001a174ad4cb0 Exception <a 'java/lang/reflect/InvocationTargetException'{0x000000079439a758}> (0x000000079439a758) 
thrown [s\open\src\hotspot\share\runtime\reflection.cpp, line 1121]

VM Operations (20 events):
Event: 102.247 Executing VM operation: HandshakeAllThreads
Event: 102.247 Executing VM operation: HandshakeAllThreads done
Event: 102.386 Executing VM operation: HandshakeAllThreads
Event: 102.386 Executing VM operation: HandshakeAllThreads done
Event: 102.431 Executing VM operation: ICBufferFull
Event: 102.431 Executing VM operation: ICBufferFull done
Event: 103.238 Executing VM operation: G1CollectForAllocation
Event: 103.480 Executing VM operation: G1CollectForAllocation done
Event: 104.288 Executing VM operation: G1CollectForAllocation
Event: 104.349 Executing VM operation: G1CollectForAllocation done
Event: 104.371 Executing VM operation: HandshakeAllThreads
Event: 104.372 Executing VM operation: HandshakeAllThreads done
Event: 104.410 Executing VM operation: HandshakeAllThreads
Event: 104.410 Executing VM operation: HandshakeAllThreads done
Event: 104.777 Executing VM operation: HandshakeAllThreads
Event: 104.777 Executing VM operation: HandshakeAllThreads done
Event: 104.799 Executing VM operation: HandshakeAllThreads
Event: 104.799 Executing VM operation: HandshakeAllThreads done
Event: 104.805 Executing VM operation: HandshakeAllThreads
Event: 104.805 Executing VM operation: HandshakeAllThreads done

Events (20 events):
Event: 104.748 loading class java/util/concurrent/RecursiveAction
Event: 104.749 loading class java/util/concurrent/RecursiveAction done
Event: 104.773 Thread 0x000001a175be3190 Thread added: 0x000001a175be3190
Event: 104.773 Thread 0x000001a175be4ff0 Thread added: 0x000001a175be4ff0
Event: 104.773 Thread 0x000001a175be8290 Thread added: 0x000001a175be8290
Event: 104.773 Thread 0x000001a175be5500 Thread added: 0x000001a175be5500
Event: 104.773 Thread 0x000001a175be87a0 Thread added: 0x000001a175be87a0
Event: 104.773 Thread 0x000001a1759da2e0 Thread added: 0x000001a1759da2e0
Event: 104.773 Thread 0x000001a1759de4b0 Thread added: 0x000001a1759de4b0
Event: 104.773 Thread 0x000001a1759d7f70 Thread added: 0x000001a1759d7f70
Event: 104.774 Thread 0x000001a1759dbc30 Thread added: 0x000001a1759dbc30
Event: 104.774 Thread 0x000001a1759dc650 Thread added: 0x000001a1759dc650
Event: 104.774 Thread 0x000001a1759dcb60 Thread added: 0x000001a1759dcb60
Event: 104.774 Thread 0x000001a1759dd070 Thread added: 0x000001a1759dd070
Event: 104.774 Thread 0x000001a17621f430 Thread added: 0x000001a17621f430
Event: 104.774 Thread 0x000001a17621bc80 Thread added: 0x000001a17621bc80
Event: 104.815 loading class java/util/concurrent/ConcurrentLinkedQueue$Itr
Event: 104.815 loading class java/util/concurrent/ConcurrentLinkedQueue$Itr done
Event: 104.822 loading class java/lang/StackTraceElement$HashedModules
Event: 104.823 loading class java/lang/StackTraceElement$HashedModules done


Dynamic libraries:
0x00007ff642e10000 - 0x00007ff642e20000 	C:\Program Files\Java\jdk-17\bin\java.exe
0x00007ffb03850000 - 0x00007ffb03a68000 	C:\Windows\SYSTEM32\ntdll.dll
0x00007ffb02ef0000 - 0x00007ffb02fb4000 	C:\Windows\System32\KERNEL32.DLL
0x00007ffb00a00000 - 0x00007ffb00dd3000 	C:\Windows\System32\KERNELBASE.dll
0x00007ffb00de0000 - 0x00007ffb00ef1000 	C:\Windows\System32\ucrtbase.dll
0x00007ffaba3e0000 - 0x00007ffaba3f9000 	C:\Program Files\Java\jdk-17\bin\jli.dll
0x00007ffaba400000 - 0x00007ffaba41b000 	C:\Program Files\Java\jdk-17\bin\VCRUNTIME140.dll
0x00007ffb01820000 - 0x00007ffb018d1000 	C:\Windows\System32\ADVAPI32.dll
0x00007ffb01f60000 - 0x00007ffb02007000 	C:\Windows\System32\msvcrt.dll
0x00007ffb02e40000 - 0x00007ffb02ee8000 	C:\Windows\System32\sechost.dll
0x00007ffb014c0000 - 0x00007ffb014e8000 	C:\Windows\System32\bcrypt.dll
0x00007ffb03170000 - 0x00007ffb03288000 	C:\Windows\System32\RPCRT4.dll
0x00007ffb01da0000 - 0x00007ffb01f52000 	C:\Windows\System32\USER32.dll
0x00007ffb00f80000 - 0x00007ffb00fa6000 	C:\Windows\System32\win32u.dll
0x00007ffadfa40000 - 0x00007ffadfcdc000 	C:\Windows\WinSxS\amd64_microsoft.windows.common-controls_6595b64144ccf1df_6.0.22621.6060_none_2712eda17382d24b\COMCTL32.dll
0x00007ffb018e0000 - 0x00007ffb01909000 	C:\Windows\System32\GDI32.dll
0x00007ffb01070000 - 0x00007ffb0118b000 	C:\Windows\System32\gdi32full.dll
0x00007ffb00960000 - 0x00007ffb009fa000 	C:\Windows\System32\msvcp_win.dll
0x00007ffaf8520000 - 0x00007ffaf852a000 	C:\Windows\SYSTEM32\VERSION.dll
0x00007ffb034c0000 - 0x00007ffb034f1000 	C:\Windows\System32\IMM32.DLL
0x00007ffaf85c0000 - 0x00007ffaf85cc000 	C:\Program Files\Java\jdk-17\bin\vcruntime140_1.dll
0x00007ffaba350000 - 0x00007ffaba3de000 	C:\Program Files\Java\jdk-17\bin\msvcp140.dll
0x00007ffa509c0000 - 0x00007ffa5159f000 	C:\Program Files\Java\jdk-17\bin\server\jvm.dll
0x00007ffb03510000 - 0x00007ffb03518000 	C:\Windows\System32\PSAPI.DLL
0x00007ffafa280000 - 0x00007ffafa289000 	C:\Windows\SYSTEM32\WSOCK32.dll
0x00007ffafa1f0000 - 0x00007ffafa224000 	C:\Windows\SYSTEM32\WINMM.dll
0x00007ffb03440000 - 0x00007ffb034b1000 	C:\Windows\System32\WS2_32.dll
0x00007ffaffa30000 - 0x00007ffaffa48000 	C:\Windows\SYSTEM32\kernel.appcore.dll
0x00007ffac0c20000 - 0x00007ffac0c2a000 	C:\Program Files\Java\jdk-17\bin\jimage.dll
0x00007ffafe0c0000 - 0x00007ffafe2f3000 	C:\Windows\SYSTEM32\DBGHELP.DLL
0x00007ffb02aa0000 - 0x00007ffb02e31000 	C:\Windows\System32\combase.dll
0x00007ffb02120000 - 0x00007ffb021f8000 	C:\Windows\System32\OLEAUT32.dll
0x00007ffad86f0000 - 0x00007ffad8722000 	C:\Windows\SYSTEM32\dbgcore.DLL
0x00007ffb00f00000 - 0x00007ffb00f7b000 	C:\Windows\System32\bcryptPrimitives.dll
0x00007ffac0820000 - 0x00007ffac082e000 	C:\Program Files\Java\jdk-17\bin\instrument.dll
0x00007ffab9860000 - 0x00007ffab9885000 	C:\Program Files\Java\jdk-17\bin\java.dll
0x00007ffab6c70000 - 0x00007ffab6d47000 	C:\Program Files\Java\jdk-17\bin\jsvml.dll
0x00007ffb02200000 - 0x00007ffb02a9c000 	C:\Windows\System32\SHELL32.dll
0x00007ffb01380000 - 0x00007ffb014bf000 	C:\Windows\System32\wintypes.dll
0x00007ffafe870000 - 0x00007ffaff18a000 	C:\Windows\SYSTEM32\windows.storage.dll
0x00007ffb02010000 - 0x00007ffb02114000 	C:\Windows\System32\SHCORE.dll
0x00007ffb03360000 - 0x00007ffb033c9000 	C:\Windows\System32\shlwapi.dll
0x00007ffb00890000 - 0x00007ffb008b5000 	C:\Windows\SYSTEM32\profapi.dll
0x00007ffaba330000 - 0x00007ffaba348000 	C:\Program Files\Java\jdk-17\bin\zip.dll
0x00007ffab9f70000 - 0x00007ffab9f89000 	C:\Program Files\Java\jdk-17\bin\net.dll
0x00007ffafb430000 - 0x00007ffafb55c000 	C:\Windows\SYSTEM32\WINHTTP.dll
0x00007ffafff10000 - 0x00007ffafff79000 	C:\Windows\system32\mswsock.dll
0x00007ffab9840000 - 0x00007ffab9856000 	C:\Program Files\Java\jdk-17\bin\nio.dll
0x00007ffac02a0000 - 0x00007ffac02b0000 	C:\Program Files\Java\jdk-17\bin\verify.dll
0x00007ffaba540000 - 0x00007ffaba567000 	C:\Users\resis\.gradle\native\c067742578af261105cb4f569cf0c3c89f3d7b1fecec35dd04571415982c5e48\windows-amd64\native-platform.dll
0x00007ffab8e50000 - 0x00007ffab8f94000 	C:\Users\resis\.gradle\native\38dada09dfb8b06ba9b0570ebf7e218e3eb74d4ef43ca46872605cf95ebc2f47\windows-amd64\native-platform-file-events.dll
0x00007ffabfff0000 - 0x00007ffabfffa000 	C:\Program Files\Java\jdk-17\bin\management.dll
0x00007ffabe580000 - 0x00007ffabe58b000 	C:\Program Files\Java\jdk-17\bin\management_ext.dll
0x00007ffb00170000 - 0x00007ffb0018b000 	C:\Windows\SYSTEM32\CRYPTSP.dll
0x00007ffaff990000 - 0x00007ffaff9c7000 	C:\Windows\system32\rsaenh.dll
0x00007ffb00000000 - 0x00007ffb00028000 	C:\Windows\SYSTEM32\USERENV.dll
0x00007ffb00160000 - 0x00007ffb0016c000 	C:\Windows\SYSTEM32\CRYPTBASE.dll
0x00007ffaff4a0000 - 0x00007ffaff4cd000 	C:\Windows\SYSTEM32\IPHLPAPI.DLL
0x00007ffb01740000 - 0x00007ffb01749000 	C:\Windows\System32\NSI.dll
0x00007ffafaeb0000 - 0x00007ffafaec9000 	C:\Windows\SYSTEM32\dhcpcsvc6.DLL
0x00007ffafae90000 - 0x00007ffafaeaf000 	C:\Windows\SYSTEM32\dhcpcsvc.DLL
0x00007ffaff520000 - 0x00007ffaff618000 	C:\Windows\SYSTEM32\DNSAPI.dll
0x00007ffabe460000 - 0x00007ffabe46e000 	C:\Program Files\Java\jdk-17\bin\sunmscapi.dll
0x00007ffb01210000 - 0x00007ffb01378000 	C:\Windows\System32\CRYPT32.dll
0x00007ffb00300000 - 0x00007ffb0032e000 	C:\Windows\SYSTEM32\ncrypt.dll
0x00007ffb002c0000 - 0x00007ffb002f7000 	C:\Windows\SYSTEM32\NTASN1.dll
0x00007ffae5c70000 - 0x00007ffae5c78000 	C:\Windows\system32\wshunix.dll
0x00007ffafbb00000 - 0x00007ffafbb0a000 	C:\Windows\System32\rasadhlp.dll
0x00007ffaf9d80000 - 0x00007ffaf9e04000 	C:\Windows\System32\fwpuclnt.dll

dbghelp: loaded successfully - version: 4.0.5 - missing functions: none
symbol engine: initialized successfully - sym options: 0x614 - pdb path: .;C:\Program Files\Java\jdk-17\bin;C:\Windows\SYSTEM32;C:\Windows\WinSxS\amd64_microsoft.windows.common-controls_6595b64144ccf1df_6.0.22621.6060_none_2712eda17382d24b;C:\Program Files\Java\jdk-17\bin\server;C:\Users\resis\.gradle\native\c067742578af261105cb4f569cf0c3c89f3d7b1fecec35dd04571415982c5e48\windows-amd64;C:\Users\resis\.gradle\native\38dada09dfb8b06ba9b0570ebf7e218e3eb74d4ef43ca46872605cf95ebc2f47\windows-amd64

VM Arguments:
jvm_args: --add-opens=java.base/java.util=ALL-UNNAMED --add-opens=java.base/java.lang=ALL-UNNAMED --add-opens=java.base/java.lang.invoke=ALL-UNNAMED --add-opens=java.prefs/java.util.prefs=ALL-UNNAMED --add-opens=java.base/java.nio.charset=ALL-UNNAMED --add-opens=java.base/java.net=ALL-UNNAMED --add-opens=java.base/java.util.concurrent.atomic=ALL-UNNAMED -Xmx3G -Dfile.encoding=windows-1252 -Duser.country=US -Duser.language=en -Duser.variant -javaagent:C:\Gradle\lib\agents\gradle-instrumentation-agent-8.7.jar 
java_command: org.gradle.launcher.daemon.bootstrap.GradleDaemon 8.7
java_class_path (initial): C:\Gradle\lib\gradle-launcher-8.7.jar
Launcher Type: SUN_STANDARD

[Global flags]
     intx CICompilerCount                          = 12                                        {product} {ergonomic}
     uint ConcGCThreads                            = 3                                         {product} {ergonomic}
     uint G1ConcRefinementThreads                  = 13                                        {product} {ergonomic}
   size_t G1HeapRegionSize                         = 2097152                                   {product} {ergonomic}
    uintx GCDrainStackTargetSize                   = 64                                        {product} {ergonomic}
   size_t InitialHeapSize                          = 264241152                                 {product} {ergonomic}
   size_t MarkStackSize                            = 4194304                                   {product} {ergonomic}
   size_t MaxHeapSize                              = 3221225472                                {product} {command line}
   size_t MaxNewSize                               = 1931476992                                {product} {ergonomic}
   size_t MinHeapDeltaBytes                        = 2097152                                   {product} {ergonomic}
   size_t MinHeapSize                              = 8388608                                   {product} {ergonomic}
    uintx NonNMethodCodeHeapSize                   = 7602480                                {pd product} {ergonomic}
    uintx NonProfiledCodeHeapSize                  = 122027880                              {pd product} {ergonomic}
    uintx ProfiledCodeHeapSize                     = 122027880                              {pd product} {ergonomic}
    uintx ReservedCodeCacheSize                    = 251658240                              {pd product} {ergonomic}
     bool SegmentedCodeCache                       = true                                      {product} {ergonomic}
   size_t SoftMaxHeapSize                          = 3221225472                             {manageable} {ergonomic}
     bool UseCompressedClassPointers               = true                           {product lp64_product} {ergonomic}
     bool UseCompressedOops                        = true                           {product lp64_product} {ergonomic}
     bool UseG1GC                                  = true                                      {product} {ergonomic}
     bool UseLargePagesIndividualAllocation        = false                                  {pd product} {ergonomic}

Logging:
Log output configuration:
 #0: stdout all=warning uptime,level,tags
 #1: stderr all=off uptime,level,tags

Environment Variables:
JAVA_HOME=C:\Program Files\Java\jdk-17
PATH=C:\Users\resis\bin;C:\Program Files\Git\mingw64\bin;C:\Program Files\Git\usr\local\bin;C:\Program Files\Git\usr\bin;C:\Program Files\Git\usr\bin;C:\Program Files\Git\mingw64\bin;C:\Program Files\Git\usr\bin;C:\Users\resis\bin;C:\Program Files\Common Files\Oracle\Java\javapath;C:\devkitPro\msys2\usr\bin;C:\Program Files (x86)\Microsoft Xbox SDK\xbox\bin;C:\Program Files\Python311\Scripts;C:\Program Files\Python311;C:\Program Files\Python\Python39\Scripts;C:\Program Files\Python\Python39;C:\Windows\system32;C:\Windows;C:\Windows\System32\Wbem;C:\Windows\System32\WindowsPowerShell\v1.0;C:\Windows\System32\OpenSSH;C:\Program Files (x86)\NVIDIA Corporation\PhysX\Common;C:\Program Files\dotnet;C:\Gradle\bin;C:\Program Files\Java\jdk-17\bin;C:\Program Files\WorldPainter;C:\Program Files\Docker\Docker\resources\bin;C:\Users\resis\AppData\Roaming\Python\Python311\Scripts;C:\Program Files\Git\cmd;C:\msys64\mingw64\bin;C:\Program Files (x86)\Windows Kits\10\Windows Performance Toolkit;C:\Deps\vcpkg;C:\Program Files\CMake\bin;C:\Users\resis\scoop\apps\mingw\current\bin;C:\Users\resis\scoop\apps\python\current\Scripts;C:\Users\resis\scoop\apps\python\current;C:\Users\resis\scoop\apps\gcc\current\bin;C:\Users\resis\scoop\shims;C:\Users\resis\AppData\Local\Microsoft\WindowsApps;C:\Users\resis\AppData\Local\Programs\Microsoft VS Code\bin;C:\Users\resis\.deno\bin;C:\Users\resis\AppData\Roaming\Python\Python311\Scripts;C:\Users\resis\AppData\Local\Microsoft\WinGet\Packages\Gyan.FFmpeg.Essentials_Microsoft.Winget.Source_8wekyb3d8bbwe\ffmpeg-7.1-essentials_build\bin;C:\Users\resis\.dotnet\tools;C:\Users\resis\AppData\Local\Python\bin;C:\Program Files\Git\usr\bin\vendor_perl;C:\Program Files\Git\usr\bin\core_perl
USERNAME=resis
SHELL=C:\Program Files\Git\usr\bin\bash.exe
DISPLAY=needs-to-be-defined
LC_CTYPE=en_US.UTF-8
OS=Windows_NT
PROCESSOR_IDENTIFIER=Intel64 Family 6 Model 154 Stepping 3, GenuineIntel



---------------  S Y S T E M  ---------------

OS:
 Windows 11 , 64 bit Build 22621 (10.0.22621.5415)
OS uptime: 12 days 9:38 hours

CPU: total 16 (initial active 16) (8 cores per cpu, 2 threads per core) family 6 model 154 stepping 3 microcode 0x423, cx8, cmov, fxsr, ht, mmx, 3dnowpref, sse, sse2, sse3, ssse3, sse4.1, sse4.2, popcnt, lzcnt, tsc, tscinvbit, avx, avx2, aes, erms, clmul, bmi1, bmi2, adx, sha, fma, vzeroupper, clflush, clflushopt, clwb

Memory: 4k page, system-wide physical 16070M (147M free)
TotalPageFile size 65222M (AvailPageFile size 11M)
current process WorkingSet (physical memory assigned to process): 999M, peak: 1516M
current process commit charge ("private bytes"): 1846M, peak: 1869M

vm_info: Java HotSpot(TM) 64-Bit Server VM (17.0.10+11-LTS-240) for windows-amd64 JRE (17.0.10+11-LTS-240), built on Dec 19 2023 21:47:25 by "mach5one" with MS VC++ 17.1 (VS2022)

END.
